-- phpMyAdmin SQL Dump
-- version 5.2.0
-- https://www.phpmyadmin.net/
--
-- Host: 127.0.0.1
-- Generation Time: Apr 20, 2023 at 12:11 PM
-- Server version: 10.4.27-MariaDB
-- PHP Version: 8.0.25

SET SQL_MODE = "NO_AUTO_VALUE_ON_ZERO";
START TRANSACTION;
SET time_zone = "+00:00";


/*!40101 SET @OLD_CHARACTER_SET_CLIENT=@@CHARACTER_SET_CLIENT */;
/*!40101 SET @OLD_CHARACTER_SET_RESULTS=@@CHARACTER_SET_RESULTS */;
/*!40101 SET @OLD_COLLATION_CONNECTION=@@COLLATION_CONNECTION */;
/*!40101 SET NAMES utf8mb4 */;

--
-- Database: `dangkiem`
--

-- --------------------------------------------------------

--
-- Table structure for table `cars`
--

CREATE TABLE `cars` (
  `id` int(11) NOT NULL,
  `driverId` int(11) DEFAULT NULL,
  `plateNumber` varchar(255) DEFAULT NULL,
  `manufacture` varchar(255) DEFAULT NULL,
  `model` varchar(255) DEFAULT NULL,
  `color` varchar(255) DEFAULT NULL,
  `registerDate` datetime DEFAULT NULL,
  `registerCity` varchar(255) DEFAULT NULL,
  `purpose` varchar(255) DEFAULT NULL,
  `createdAt` datetime NOT NULL,
  `updatedAt` datetime NOT NULL
) ENGINE=InnoDB DEFAULT CHARSET=utf8mb4 COLLATE=utf8mb4_general_ci;

--
-- Dumping data for table `cars`
--

INSERT INTO `cars` (`id`, `driverId`, `plateNumber`, `manufacture`, `model`, `color`, `registerDate`, `registerCity`, `purpose`, `createdAt`, `updatedAt`) VALUES
(1, 16, 'XYZ-5678', 'Honda', 'Civic', 'Red', '2022-07-06 00:00:00', 'Ho Chi Minh City', 'Personal', '2023-04-12 12:34:03', '2023-04-12 12:34:03'),
(2, 17, 'DEF-9012', 'Mazda', 'CX-5', 'Black', '2022-07-06 00:00:00', 'Hanoi', 'Business', '2023-04-12 12:34:03', '2023-04-12 12:34:03'),
(3, 18, 'GHI-3456', 'Ford', 'Focus', 'Blue', '2022-08-07 00:00:00', 'Da Nang', 'Personal', '2023-04-12 12:34:03', '2023-04-12 12:34:03'),
(4, 19, 'JKL-7890', 'Toyota', 'Corolla', 'White', '2022-07-06 00:00:00', 'Hanoi', 'Business', '2023-04-12 12:34:03', '2023-04-12 12:34:03'),
(5, 20, 'MNO-1234', 'Honda', 'Accord', 'Silver', '2022-07-14 00:00:00', 'Ho Chi Minh City', 'Personal', '2023-04-12 12:34:03', '2023-04-12 12:34:03'),
(6, 21, 'PQR-5678', 'Nissan', 'Altima', 'Black', '2022-07-17 00:00:00', 'Hanoi', 'Business', '2023-04-12 12:34:03', '2023-04-12 12:34:03'),
(7, 22, 'STU-9012', 'Hyundai', 'Sonata', 'Gray', '2022-07-22 00:00:00', 'Da Nang', 'Personal', '2023-04-12 12:34:03', '2023-04-12 12:34:03'),
(8, 23, 'VWX-3456', 'Toyota', 'Rav4', 'Blue', '2022-02-04 00:00:00', 'Hanoi', 'Business', '2023-04-12 12:34:03', '2023-04-12 12:34:03'),
(9, 24, 'YZA-7890', 'Honda', 'Pilot', 'White', '2022-01-19 00:00:00', 'Ho Chi Minh City', 'Personal', '2023-04-12 12:34:03', '2023-04-12 12:34:03'),
(10, 25, 'BCD-1234', 'Mitsubishi', 'Outlander', 'Silver', '2022-01-15 00:00:00', 'Hanoi', 'Business', '2023-04-12 12:34:03', '2023-04-12 12:34:03'),
(11, 26, 'EFG-5678', 'Toyota', 'Vios', 'Black', '2022-07-18 00:00:00', 'Ho Chi Minh City', 'Personal', '2023-04-12 12:34:03', '2023-04-12 12:34:03'),
(12, 27, 'HIJ-9012', 'Honda', 'City', 'Red', '2022-12-25 00:00:00', 'Hanoi', 'Business', '2023-04-12 12:34:03', '2023-04-12 12:34:03'),
(13, 28, 'KLM-3456', 'Ford', 'Ranger', 'Gray', '2022-11-28 00:00:00', 'Da Nang', 'Personal', '2023-04-12 12:34:03', '2023-04-12 12:34:03'),
(14, 29, 'NOP-7890', 'Mazda', '3', 'White', '2022-01-06 00:00:00', 'Hanoi', 'Business', '2023-04-12 12:34:03', '2023-04-12 12:34:03'),
(15, 30, 'QRS-1234', 'Toyota', 'Innova', 'Silver', '2022-01-14 00:00:00', 'Ho Chi Minh City', 'Personal', '2023-04-12 12:34:03', '2023-04-12 12:34:03'),
(16, 31, 'TUV-5678', 'Nissan', 'Sentra', 'Black', '2021-06-06 00:00:00', 'Hanoi', 'Business', '2023-04-12 12:34:03', '2023-04-12 12:34:03'),
(17, 32, 'WXY-9012', 'Hyundai', 'Tucson', 'Blue', '2020-07-06 00:00:00', 'Da Nang', 'Personal', '2023-04-12 12:34:03', '2023-04-12 12:34:03'),
(18, 33, 'ZAB-3456', 'Toyota', 'Fortuner', 'White', '2020-07-08 00:00:00', 'Hanoi', 'Business', '2023-04-12 12:34:03', '2023-04-12 12:34:03'),
(19, 34, 'CDE-7890', 'Honda', 'Fit', 'Red', '2019-07-06 00:00:00', 'Ho Chi Minh City', 'Personal', '2023-04-12 12:34:03', '2023-04-12 12:34:03'),
(20, 35, 'FGH-1234', 'Mitsubishi', 'Xpander', 'Silver', '2018-07-06 00:00:00', 'Hanoi', 'Business', '2023-04-12 12:34:03', '2023-04-12 12:34:03'),
(21, 36, 'IJK-5678', 'Toyota', 'Corolla', 'Black', '2018-09-06 00:00:00', 'Ho Chi Minh City', 'Personal', '2023-04-12 12:34:03', '2023-04-12 12:34:03'),
(22, 37, 'LMN-9012', 'Ford', 'Explorer', 'Blue', '2021-09-06 00:00:00', 'Hanoi', 'Business', '2023-04-12 12:34:03', '2023-04-12 12:34:03'),
(23, 38, 'OPQ-3456', 'Hyundai', 'Accent', 'Gray', '2021-12-25 00:00:00', 'Da Nang', 'Personal', '2023-04-12 12:34:03', '2023-04-12 12:34:03'),
(24, 39, 'RST-7890', 'Kia', 'Sorento', 'White', '2017-07-06 00:00:00', 'Hanoi', 'Business', '2023-04-12 12:34:03', '2023-04-12 12:34:03'),
(25, 40, 'UVW-1234', 'Mazda', 'CX-5', 'Red', '2019-01-09 00:00:00', 'Ho Chi Minh City', 'Personal', '2023-04-12 12:34:03', '2023-04-12 12:34:03'),
(26, 16, 'XYZ-5678', 'Toyota', 'Yaris', 'Silver', '2021-07-03 00:00:00', 'Hanoi', 'Business', '2023-04-12 12:34:03', '2023-04-12 12:34:03'),
(27, 17, 'ABC-9012', 'Honda', 'Civic', 'Black', '2021-03-07 00:00:00', 'Da Nang', 'Personal', '2023-04-12 12:34:03', '2023-04-12 12:34:03'),
(28, 18, 'DEF-3456', 'Nissan', 'Kicks', 'Blue', '2021-03-22 00:00:00', 'Hanoi', 'Business', '2023-04-12 12:34:03', '2023-04-12 12:34:03'),
(29, 19, 'GHI-7890', 'Hyundai', 'Santa Fe', 'White', '2021-04-18 00:00:00', 'Ho Chi Minh City', 'Personal', '2023-04-12 12:34:03', '2023-04-12 12:34:03'),
(30, 20, 'JKL-1234', 'Toyota', 'RAV4', 'Gray', '2020-01-14 00:00:00', 'Hanoi', 'Business', '2023-04-12 12:34:03', '2023-04-12 12:34:03'),
(31, 16, 'XYZ-5678', 'Honda', 'Civic', 'Red', '2022-07-06 00:00:00', 'Ho Chi Minh City', 'Personal', '2023-04-12 12:34:25', '2023-04-12 12:34:25'),
(32, 17, 'DEF-9012', 'Mazda', 'CX-5', 'Black', '2022-07-06 00:00:00', 'Hanoi', 'Business', '2023-04-12 12:34:25', '2023-04-12 12:34:25'),
(33, 18, 'GHI-3456', 'Ford', 'Focus', 'Blue', '2022-08-07 00:00:00', 'Da Nang', 'Personal', '2023-04-12 12:34:25', '2023-04-12 12:34:25'),
(34, 19, 'JKL-7890', 'Toyota', 'Corolla', 'White', '2022-07-06 00:00:00', 'Hanoi', 'Business', '2023-04-12 12:34:25', '2023-04-12 12:34:25'),
(35, 20, 'MNO-1234', 'Honda', 'Accord', 'Silver', '2022-07-14 00:00:00', 'Ho Chi Minh City', 'Personal', '2023-04-12 12:34:25', '2023-04-12 12:34:25'),
(36, 21, 'PQR-5678', 'Nissan', 'Altima', 'Black', '2022-07-17 00:00:00', 'Hanoi', 'Business', '2023-04-12 12:34:25', '2023-04-12 12:34:25'),
(37, 22, 'STU-9012', 'Hyundai', 'Sonata', 'Gray', '2022-07-22 00:00:00', 'Da Nang', 'Personal', '2023-04-12 12:34:25', '2023-04-12 12:34:25'),
(38, 23, 'VWX-3456', 'Toyota', 'Rav4', 'Blue', '2022-02-04 00:00:00', 'Hanoi', 'Business', '2023-04-12 12:34:25', '2023-04-12 12:34:25'),
(39, 24, 'YZA-7890', 'Honda', 'Pilot', 'White', '2022-01-19 00:00:00', 'Ho Chi Minh City', 'Personal', '2023-04-12 12:34:25', '2023-04-12 12:34:25'),
(40, 25, 'BCD-1234', 'Mitsubishi', 'Outlander', 'Silver', '2022-01-15 00:00:00', 'Hanoi', 'Business', '2023-04-12 12:34:25', '2023-04-12 12:34:25'),
(41, 26, 'EFG-5678', 'Toyota', 'Vios', 'Black', '2022-07-18 00:00:00', 'Ho Chi Minh City', 'Personal', '2023-04-12 12:34:25', '2023-04-12 12:34:25'),
(42, 27, 'HIJ-9012', 'Honda', 'City', 'Red', '2022-12-25 00:00:00', 'Hanoi', 'Business', '2023-04-12 12:34:25', '2023-04-12 12:34:25'),
(43, 28, 'KLM-3456', 'Ford', 'Ranger', 'Gray', '2022-11-28 00:00:00', 'Da Nang', 'Personal', '2023-04-12 12:34:25', '2023-04-12 12:34:25'),
(44, 29, 'NOP-7890', 'Mazda', '3', 'White', '2022-01-06 00:00:00', 'Hanoi', 'Business', '2023-04-12 12:34:25', '2023-04-12 12:34:25'),
(45, 30, 'QRS-1234', 'Toyota', 'Innova', 'Silver', '2022-01-14 00:00:00', 'Ho Chi Minh City', 'Personal', '2023-04-12 12:34:25', '2023-04-12 12:34:25'),
(46, 31, 'TUV-5678', 'Nissan', 'Sentra', 'Black', '2021-06-06 00:00:00', 'Hanoi', 'Business', '2023-04-12 12:34:25', '2023-04-12 12:34:25'),
(47, 32, 'WXY-9012', 'Hyundai', 'Tucson', 'Blue', '2020-07-06 00:00:00', 'Da Nang', 'Personal', '2023-04-12 12:34:25', '2023-04-12 12:34:25'),
(48, 33, 'ZAB-3456', 'Toyota', 'Fortuner', 'White', '2020-07-08 00:00:00', 'Hanoi', 'Business', '2023-04-12 12:34:25', '2023-04-12 12:34:25'),
(49, 34, 'CDE-7890', 'Honda', 'Fit', 'Red', '2019-07-06 00:00:00', 'Ho Chi Minh City', 'Personal', '2023-04-12 12:34:25', '2023-04-12 12:34:25'),
(50, 35, 'FGH-1234', 'Mitsubishi', 'Xpander', 'Silver', '2018-07-06 00:00:00', 'Hanoi', 'Business', '2023-04-12 12:34:25', '2023-04-12 12:34:25'),
(51, 36, 'IJK-5678', 'Toyota', 'Corolla', 'Black', '2018-09-06 00:00:00', 'Ho Chi Minh City', 'Personal', '2023-04-12 12:34:25', '2023-04-12 12:34:25'),
(52, 37, 'LMN-9012', 'Ford', 'Explorer', 'Blue', '2021-09-06 00:00:00', 'Hanoi', 'Business', '2023-04-12 12:34:25', '2023-04-12 12:34:25'),
(53, 38, 'OPQ-3456', 'Hyundai', 'Accent', 'Gray', '2021-12-25 00:00:00', 'Da Nang', 'Personal', '2023-04-12 12:34:25', '2023-04-12 12:34:25'),
(54, 39, 'RST-7890', 'Kia', 'Sorento', 'White', '2017-07-06 00:00:00', 'Hanoi', 'Business', '2023-04-12 12:34:25', '2023-04-12 12:34:25'),
(55, 40, 'UVW-1234', 'Mazda', 'CX-5', 'Red', '2019-01-09 00:00:00', 'Ho Chi Minh City', 'Personal', '2023-04-12 12:34:25', '2023-04-12 12:34:25'),
(56, 16, 'XYZ-5678', 'Toyota', 'Yaris', 'Silver', '2021-07-03 00:00:00', 'Hanoi', 'Business', '2023-04-12 12:34:25', '2023-04-12 12:34:25'),
(57, 17, 'ABC-9012', 'Honda', 'Civic', 'Black', '2021-03-07 00:00:00', 'Da Nang', 'Personal', '2023-04-12 12:34:25', '2023-04-12 12:34:25'),
(58, 18, 'DEF-3456', 'Nissan', 'Kicks', 'Blue', '2021-03-22 00:00:00', 'Hanoi', 'Business', '2023-04-12 12:34:25', '2023-04-12 12:34:25'),
(59, 19, 'GHI-7890', 'Hyundai', 'Santa Fe', 'White', '2021-04-18 00:00:00', 'Ho Chi Minh City', 'Personal', '2023-04-12 12:34:25', '2023-04-12 12:34:25'),
(60, 20, 'JKL-1234', 'Toyota', 'RAV4', 'Gray', '2020-01-14 00:00:00', 'Hanoi', 'Business', '2023-04-12 12:34:25', '2023-04-12 12:34:25'),
(61, 16, 'XYZ-5678', 'Honda', 'Civic', 'Red', '2022-07-06 00:00:00', 'Ho Chi Minh City', 'Personal', '2023-04-20 09:54:39', '2023-04-20 09:54:39'),
(62, 17, 'DEF-9012', 'Mazda', 'CX-5', 'Black', '2022-07-06 00:00:00', 'Hanoi', 'Business', '2023-04-20 09:54:39', '2023-04-20 09:54:39'),
(63, 18, 'GHI-3456', 'Ford', 'Focus', 'Blue', '2022-08-07 00:00:00', 'Da Nang', 'Personal', '2023-04-20 09:54:39', '2023-04-20 09:54:39'),
(64, 19, 'JKL-7890', 'Toyota', 'Corolla', 'White', '2022-07-06 00:00:00', 'Hanoi', 'Business', '2023-04-20 09:54:39', '2023-04-20 09:54:39'),
(65, 20, 'MNO-1234', 'Honda', 'Accord', 'Silver', '2022-07-14 00:00:00', 'Ho Chi Minh City', 'Personal', '2023-04-20 09:54:39', '2023-04-20 09:54:39'),
(66, 21, 'PQR-5678', 'Nissan', 'Altima', 'Black', '2022-07-17 00:00:00', 'Hanoi', 'Business', '2023-04-20 09:54:39', '2023-04-20 09:54:39'),
(67, 22, 'STU-9012', 'Hyundai', 'Sonata', 'Gray', '2022-07-22 00:00:00', 'Da Nang', 'Personal', '2023-04-20 09:54:39', '2023-04-20 09:54:39'),
(68, 23, 'VWX-3456', 'Toyota', 'Rav4', 'Blue', '2022-02-04 00:00:00', 'Hanoi', 'Business', '2023-04-20 09:54:39', '2023-04-20 09:54:39'),
(69, 24, 'YZA-7890', 'Honda', 'Pilot', 'White', '2022-01-19 00:00:00', 'Ho Chi Minh City', 'Personal', '2023-04-20 09:54:39', '2023-04-20 09:54:39'),
(70, 25, 'BCD-1234', 'Mitsubishi', 'Outlander', 'Silver', '2022-01-15 00:00:00', 'Hanoi', 'Business', '2023-04-20 09:54:39', '2023-04-20 09:54:39'),
(71, 26, 'EFG-5678', 'Toyota', 'Vios', 'Black', '2022-07-18 00:00:00', 'Ho Chi Minh City', 'Personal', '2023-04-20 09:54:39', '2023-04-20 09:54:39'),
(72, 27, 'HIJ-9012', 'Honda', 'City', 'Red', '2022-12-25 00:00:00', 'Hanoi', 'Business', '2023-04-20 09:54:39', '2023-04-20 09:54:39'),
(73, 28, 'KLM-3456', 'Ford', 'Ranger', 'Gray', '2022-11-28 00:00:00', 'Da Nang', 'Personal', '2023-04-20 09:54:39', '2023-04-20 09:54:39'),
(74, 29, 'NOP-7890', 'Mazda', '3', 'White', '2022-01-06 00:00:00', 'Hanoi', 'Business', '2023-04-20 09:54:39', '2023-04-20 09:54:39'),
(75, 30, 'QRS-1234', 'Toyota', 'Innova', 'Silver', '2022-01-14 00:00:00', 'Ho Chi Minh City', 'Personal', '2023-04-20 09:54:39', '2023-04-20 09:54:39'),
(76, 31, 'TUV-5678', 'Nissan', 'Sentra', 'Black', '2021-06-06 00:00:00', 'Hanoi', 'Business', '2023-04-20 09:54:39', '2023-04-20 09:54:39'),
(77, 32, 'WXY-9012', 'Hyundai', 'Tucson', 'Blue', '2020-07-06 00:00:00', 'Da Nang', 'Personal', '2023-04-20 09:54:39', '2023-04-20 09:54:39'),
(78, 33, 'ZAB-3456', 'Toyota', 'Fortuner', 'White', '2020-07-08 00:00:00', 'Hanoi', 'Business', '2023-04-20 09:54:39', '2023-04-20 09:54:39'),
(79, 34, 'CDE-7890', 'Honda', 'Fit', 'Red', '2019-07-06 00:00:00', 'Ho Chi Minh City', 'Personal', '2023-04-20 09:54:39', '2023-04-20 09:54:39'),
(80, 35, 'FGH-1234', 'Mitsubishi', 'Xpander', 'Silver', '2018-07-06 00:00:00', 'Hanoi', 'Business', '2023-04-20 09:54:39', '2023-04-20 09:54:39'),
(81, 36, 'IJK-5678', 'Toyota', 'Corolla', 'Black', '2018-09-06 00:00:00', 'Ho Chi Minh City', 'Personal', '2023-04-20 09:54:39', '2023-04-20 09:54:39'),
(82, 37, 'LMN-9012', 'Ford', 'Explorer', 'Blue', '2021-09-06 00:00:00', 'Hanoi', 'Business', '2023-04-20 09:54:39', '2023-04-20 09:54:39'),
(83, 38, 'OPQ-3456', 'Hyundai', 'Accent', 'Gray', '2021-12-25 00:00:00', 'Da Nang', 'Personal', '2023-04-20 09:54:39', '2023-04-20 09:54:39'),
(84, 39, 'RST-7890', 'Kia', 'Sorento', 'White', '2017-07-06 00:00:00', 'Hanoi', 'Business', '2023-04-20 09:54:39', '2023-04-20 09:54:39'),
(85, 40, 'UVW-1234', 'Mazda', 'CX-5', 'Red', '2019-01-09 00:00:00', 'Ho Chi Minh City', 'Personal', '2023-04-20 09:54:39', '2023-04-20 09:54:39'),
(86, 16, 'XYZ-5678', 'Toyota', 'Yaris', 'Silver', '2021-07-03 00:00:00', 'Hanoi', 'Business', '2023-04-20 09:54:39', '2023-04-20 09:54:39'),
(87, 17, 'ABC-9012', 'Honda', 'Civic', 'Black', '2021-03-07 00:00:00', 'Da Nang', 'Personal', '2023-04-20 09:54:39', '2023-04-20 09:54:39'),
(88, 18, 'DEF-3456', 'Nissan', 'Kicks', 'Blue', '2021-03-22 00:00:00', 'Hanoi', 'Business', '2023-04-20 09:54:39', '2023-04-20 09:54:39'),
(89, 19, 'GHI-7890', 'Hyundai', 'Santa Fe', 'White', '2021-04-18 00:00:00', 'Ho Chi Minh City', 'Personal', '2023-04-20 09:54:39', '2023-04-20 09:54:39'),
(90, 20, 'JKL-1234', 'Toyota', 'RAV4', 'Gray', '2020-01-14 00:00:00', 'Hanoi', 'Business', '2023-04-20 09:54:39', '2023-04-20 09:54:39'),
(91, 16, 'XYZ-5678', 'Honda', 'Civic', 'Red', '2022-07-06 00:00:00', 'Ho Chi Minh City', 'Personal', '2023-04-20 09:55:57', '2023-04-20 09:55:57'),
(92, 17, 'DEF-9012', 'Mazda', 'CX-5', 'Black', '2022-07-06 00:00:00', 'Hanoi', 'Business', '2023-04-20 09:55:57', '2023-04-20 09:55:57'),
(93, 18, 'GHI-3456', 'Ford', 'Focus', 'Blue', '2022-08-07 00:00:00', 'Da Nang', 'Personal', '2023-04-20 09:55:57', '2023-04-20 09:55:57'),
(94, 19, 'JKL-7890', 'Toyota', 'Corolla', 'White', '2022-07-06 00:00:00', 'Hanoi', 'Business', '2023-04-20 09:55:57', '2023-04-20 09:55:57'),
(95, 20, 'MNO-1234', 'Honda', 'Accord', 'Silver', '2022-07-14 00:00:00', 'Ho Chi Minh City', 'Personal', '2023-04-20 09:55:57', '2023-04-20 09:55:57'),
(96, 21, 'PQR-5678', 'Nissan', 'Altima', 'Black', '2022-07-17 00:00:00', 'Hanoi', 'Business', '2023-04-20 09:55:57', '2023-04-20 09:55:57'),
(97, 22, 'STU-9012', 'Hyundai', 'Sonata', 'Gray', '2022-07-22 00:00:00', 'Da Nang', 'Personal', '2023-04-20 09:55:57', '2023-04-20 09:55:57'),
(98, 23, 'VWX-3456', 'Toyota', 'Rav4', 'Blue', '2022-02-04 00:00:00', 'Hanoi', 'Business', '2023-04-20 09:55:57', '2023-04-20 09:55:57'),
(99, 24, 'YZA-7890', 'Honda', 'Pilot', 'White', '2022-01-19 00:00:00', 'Ho Chi Minh City', 'Personal', '2023-04-20 09:55:57', '2023-04-20 09:55:57'),
(100, 25, 'BCD-1234', 'Mitsubishi', 'Outlander', 'Silver', '2022-01-15 00:00:00', 'Hanoi', 'Business', '2023-04-20 09:55:57', '2023-04-20 09:55:57'),
(101, 26, 'EFG-5678', 'Toyota', 'Vios', 'Black', '2022-07-18 00:00:00', 'Ho Chi Minh City', 'Personal', '2023-04-20 09:55:57', '2023-04-20 09:55:57'),
(102, 27, 'HIJ-9012', 'Honda', 'City', 'Red', '2022-12-25 00:00:00', 'Hanoi', 'Business', '2023-04-20 09:55:57', '2023-04-20 09:55:57'),
(103, 28, 'KLM-3456', 'Ford', 'Ranger', 'Gray', '2022-11-28 00:00:00', 'Da Nang', 'Personal', '2023-04-20 09:55:57', '2023-04-20 09:55:57'),
(104, 29, 'NOP-7890', 'Mazda', '3', 'White', '2022-01-06 00:00:00', 'Hanoi', 'Business', '2023-04-20 09:55:57', '2023-04-20 09:55:57'),
(105, 30, 'QRS-1234', 'Toyota', 'Innova', 'Silver', '2022-01-14 00:00:00', 'Ho Chi Minh City', 'Personal', '2023-04-20 09:55:57', '2023-04-20 09:55:57'),
(106, 31, 'TUV-5678', 'Nissan', 'Sentra', 'Black', '2021-06-06 00:00:00', 'Hanoi', 'Business', '2023-04-20 09:55:57', '2023-04-20 09:55:57'),
(107, 32, 'WXY-9012', 'Hyundai', 'Tucson', 'Blue', '2020-07-06 00:00:00', 'Da Nang', 'Personal', '2023-04-20 09:55:57', '2023-04-20 09:55:57'),
(108, 33, 'ZAB-3456', 'Toyota', 'Fortuner', 'White', '2020-07-08 00:00:00', 'Hanoi', 'Business', '2023-04-20 09:55:57', '2023-04-20 09:55:57'),
(109, 34, 'CDE-7890', 'Honda', 'Fit', 'Red', '2019-07-06 00:00:00', 'Ho Chi Minh City', 'Personal', '2023-04-20 09:55:57', '2023-04-20 09:55:57'),
(110, 35, 'FGH-1234', 'Mitsubishi', 'Xpander', 'Silver', '2018-07-06 00:00:00', 'Hanoi', 'Business', '2023-04-20 09:55:57', '2023-04-20 09:55:57'),
(111, 36, 'IJK-5678', 'Toyota', 'Corolla', 'Black', '2018-09-06 00:00:00', 'Ho Chi Minh City', 'Personal', '2023-04-20 09:55:57', '2023-04-20 09:55:57'),
(112, 37, 'LMN-9012', 'Ford', 'Explorer', 'Blue', '2021-09-06 00:00:00', 'Hanoi', 'Business', '2023-04-20 09:55:57', '2023-04-20 09:55:57'),
(113, 38, 'OPQ-3456', 'Hyundai', 'Accent', 'Gray', '2021-12-25 00:00:00', 'Da Nang', 'Personal', '2023-04-20 09:55:57', '2023-04-20 09:55:57'),
(114, 39, 'RST-7890', 'Kia', 'Sorento', 'White', '2017-07-06 00:00:00', 'Hanoi', 'Business', '2023-04-20 09:55:57', '2023-04-20 09:55:57'),
(115, 40, 'UVW-1234', 'Mazda', 'CX-5', 'Red', '2019-01-09 00:00:00', 'Ho Chi Minh City', 'Personal', '2023-04-20 09:55:57', '2023-04-20 09:55:57'),
(116, 16, 'XYZ-5678', 'Toyota', 'Yaris', 'Silver', '2021-07-03 00:00:00', 'Hanoi', 'Business', '2023-04-20 09:55:57', '2023-04-20 09:55:57'),
(117, 17, 'ABC-9012', 'Honda', 'Civic', 'Black', '2021-03-07 00:00:00', 'Da Nang', 'Personal', '2023-04-20 09:55:57', '2023-04-20 09:55:57'),
(118, 18, 'DEF-3456', 'Nissan', 'Kicks', 'Blue', '2021-03-22 00:00:00', 'Hanoi', 'Business', '2023-04-20 09:55:57', '2023-04-20 09:55:57'),
(119, 19, 'GHI-7890', 'Hyundai', 'Santa Fe', 'White', '2021-04-18 00:00:00', 'Ho Chi Minh City', 'Personal', '2023-04-20 09:55:57', '2023-04-20 09:55:57'),
(120, 20, 'JKL-1234', 'Toyota', 'RAV4', 'Gray', '2020-01-14 00:00:00', 'Hanoi', 'Business', '2023-04-20 09:55:57', '2023-04-20 09:55:57'),
(121, 16, 'XYZ-5678', 'Honda', 'Civic', 'Red', '2022-07-06 00:00:00', 'Ho Chi Minh City', 'Personal', '2023-04-20 09:56:21', '2023-04-20 09:56:21'),
(122, 17, 'DEF-9012', 'Mazda', 'CX-5', 'Black', '2022-07-06 00:00:00', 'Hanoi', 'Business', '2023-04-20 09:56:21', '2023-04-20 09:56:21'),
(123, 18, 'GHI-3456', 'Ford', 'Focus', 'Blue', '2022-08-07 00:00:00', 'Da Nang', 'Personal', '2023-04-20 09:56:21', '2023-04-20 09:56:21'),
(124, 19, 'JKL-7890', 'Toyota', 'Corolla', 'White', '2022-07-06 00:00:00', 'Hanoi', 'Business', '2023-04-20 09:56:21', '2023-04-20 09:56:21'),
(125, 20, 'MNO-1234', 'Honda', 'Accord', 'Silver', '2022-07-14 00:00:00', 'Ho Chi Minh City', 'Personal', '2023-04-20 09:56:21', '2023-04-20 09:56:21'),
(126, 21, 'PQR-5678', 'Nissan', 'Altima', 'Black', '2022-07-17 00:00:00', 'Hanoi', 'Business', '2023-04-20 09:56:21', '2023-04-20 09:56:21'),
(127, 22, 'STU-9012', 'Hyundai', 'Sonata', 'Gray', '2022-07-22 00:00:00', 'Da Nang', 'Personal', '2023-04-20 09:56:21', '2023-04-20 09:56:21'),
(128, 23, 'VWX-3456', 'Toyota', 'Rav4', 'Blue', '2022-02-04 00:00:00', 'Hanoi', 'Business', '2023-04-20 09:56:21', '2023-04-20 09:56:21'),
(129, 24, 'YZA-7890', 'Honda', 'Pilot', 'White', '2022-01-19 00:00:00', 'Ho Chi Minh City', 'Personal', '2023-04-20 09:56:21', '2023-04-20 09:56:21'),
(130, 25, 'BCD-1234', 'Mitsubishi', 'Outlander', 'Silver', '2022-01-15 00:00:00', 'Hanoi', 'Business', '2023-04-20 09:56:21', '2023-04-20 09:56:21'),
(131, 26, 'EFG-5678', 'Toyota', 'Vios', 'Black', '2022-07-18 00:00:00', 'Ho Chi Minh City', 'Personal', '2023-04-20 09:56:21', '2023-04-20 09:56:21'),
(132, 27, 'HIJ-9012', 'Honda', 'City', 'Red', '2022-12-25 00:00:00', 'Hanoi', 'Business', '2023-04-20 09:56:21', '2023-04-20 09:56:21'),
(133, 28, 'KLM-3456', 'Ford', 'Ranger', 'Gray', '2022-11-28 00:00:00', 'Da Nang', 'Personal', '2023-04-20 09:56:21', '2023-04-20 09:56:21'),
(134, 29, 'NOP-7890', 'Mazda', '3', 'White', '2022-01-06 00:00:00', 'Hanoi', 'Business', '2023-04-20 09:56:21', '2023-04-20 09:56:21'),
(135, 30, 'QRS-1234', 'Toyota', 'Innova', 'Silver', '2022-01-14 00:00:00', 'Ho Chi Minh City', 'Personal', '2023-04-20 09:56:21', '2023-04-20 09:56:21'),
(136, 31, 'TUV-5678', 'Nissan', 'Sentra', 'Black', '2021-06-06 00:00:00', 'Hanoi', 'Business', '2023-04-20 09:56:21', '2023-04-20 09:56:21'),
(137, 32, 'WXY-9012', 'Hyundai', 'Tucson', 'Blue', '2020-07-06 00:00:00', 'Da Nang', 'Personal', '2023-04-20 09:56:21', '2023-04-20 09:56:21'),
(138, 33, 'ZAB-3456', 'Toyota', 'Fortuner', 'White', '2020-07-08 00:00:00', 'Hanoi', 'Business', '2023-04-20 09:56:21', '2023-04-20 09:56:21'),
(139, 34, 'CDE-7890', 'Honda', 'Fit', 'Red', '2019-07-06 00:00:00', 'Ho Chi Minh City', 'Personal', '2023-04-20 09:56:21', '2023-04-20 09:56:21'),
(140, 35, 'FGH-1234', 'Mitsubishi', 'Xpander', 'Silver', '2018-07-06 00:00:00', 'Hanoi', 'Business', '2023-04-20 09:56:21', '2023-04-20 09:56:21'),
(141, 36, 'IJK-5678', 'Toyota', 'Corolla', 'Black', '2018-09-06 00:00:00', 'Ho Chi Minh City', 'Personal', '2023-04-20 09:56:21', '2023-04-20 09:56:21'),
(142, 37, 'LMN-9012', 'Ford', 'Explorer', 'Blue', '2021-09-06 00:00:00', 'Hanoi', 'Business', '2023-04-20 09:56:21', '2023-04-20 09:56:21'),
(143, 38, 'OPQ-3456', 'Hyundai', 'Accent', 'Gray', '2021-12-25 00:00:00', 'Da Nang', 'Personal', '2023-04-20 09:56:21', '2023-04-20 09:56:21'),
(144, 39, 'RST-7890', 'Kia', 'Sorento', 'White', '2017-07-06 00:00:00', 'Hanoi', 'Business', '2023-04-20 09:56:21', '2023-04-20 09:56:21'),
(145, 40, 'UVW-1234', 'Mazda', 'CX-5', 'Red', '2019-01-09 00:00:00', 'Ho Chi Minh City', 'Personal', '2023-04-20 09:56:21', '2023-04-20 09:56:21'),
(146, 16, 'XYZ-5678', 'Toyota', 'Yaris', 'Silver', '2021-07-03 00:00:00', 'Hanoi', 'Business', '2023-04-20 09:56:21', '2023-04-20 09:56:21'),
(147, 17, 'ABC-9012', 'Honda', 'Civic', 'Black', '2021-03-07 00:00:00', 'Da Nang', 'Personal', '2023-04-20 09:56:21', '2023-04-20 09:56:21'),
(148, 18, 'DEF-3456', 'Nissan', 'Kicks', 'Blue', '2021-03-22 00:00:00', 'Hanoi', 'Business', '2023-04-20 09:56:21', '2023-04-20 09:56:21'),
(149, 19, 'GHI-7890', 'Hyundai', 'Santa Fe', 'White', '2021-04-18 00:00:00', 'Ho Chi Minh City', 'Personal', '2023-04-20 09:56:21', '2023-04-20 09:56:21'),
(150, 20, 'JKL-1234', 'Toyota', 'RAV4', 'Gray', '2020-01-14 00:00:00', 'Hanoi', 'Business', '2023-04-20 09:56:21', '2023-04-20 09:56:21'),
(151, 16, 'XYZ-5678', 'Honda', 'Civic', 'Red', '2022-07-06 00:00:00', 'Ho Chi Minh City', 'Personal', '2023-04-20 09:57:56', '2023-04-20 09:57:56'),
(152, 17, 'DEF-9012', 'Mazda', 'CX-5', 'Black', '2022-07-06 00:00:00', 'Hanoi', 'Business', '2023-04-20 09:57:56', '2023-04-20 09:57:56'),
(153, 18, 'GHI-3456', 'Ford', 'Focus', 'Blue', '2022-08-07 00:00:00', 'Da Nang', 'Personal', '2023-04-20 09:57:56', '2023-04-20 09:57:56'),
(154, 19, 'JKL-7890', 'Toyota', 'Corolla', 'White', '2022-07-06 00:00:00', 'Hanoi', 'Business', '2023-04-20 09:57:56', '2023-04-20 09:57:56'),
(155, 20, 'MNO-1234', 'Honda', 'Accord', 'Silver', '2022-07-14 00:00:00', 'Ho Chi Minh City', 'Personal', '2023-04-20 09:57:56', '2023-04-20 09:57:56'),
(156, 21, 'PQR-5678', 'Nissan', 'Altima', 'Black', '2022-07-17 00:00:00', 'Hanoi', 'Business', '2023-04-20 09:57:56', '2023-04-20 09:57:56'),
(157, 22, 'STU-9012', 'Hyundai', 'Sonata', 'Gray', '2022-07-22 00:00:00', 'Da Nang', 'Personal', '2023-04-20 09:57:56', '2023-04-20 09:57:56'),
(158, 23, 'VWX-3456', 'Toyota', 'Rav4', 'Blue', '2022-02-04 00:00:00', 'Hanoi', 'Business', '2023-04-20 09:57:56', '2023-04-20 09:57:56'),
(159, 24, 'YZA-7890', 'Honda', 'Pilot', 'White', '2022-01-19 00:00:00', 'Ho Chi Minh City', 'Personal', '2023-04-20 09:57:56', '2023-04-20 09:57:56'),
(160, 25, 'BCD-1234', 'Mitsubishi', 'Outlander', 'Silver', '2022-01-15 00:00:00', 'Hanoi', 'Business', '2023-04-20 09:57:56', '2023-04-20 09:57:56'),
(161, 26, 'EFG-5678', 'Toyota', 'Vios', 'Black', '2022-07-18 00:00:00', 'Ho Chi Minh City', 'Personal', '2023-04-20 09:57:56', '2023-04-20 09:57:56'),
(162, 27, 'HIJ-9012', 'Honda', 'City', 'Red', '2022-12-25 00:00:00', 'Hanoi', 'Business', '2023-04-20 09:57:56', '2023-04-20 09:57:56'),
(163, 28, 'KLM-3456', 'Ford', 'Ranger', 'Gray', '2022-11-28 00:00:00', 'Da Nang', 'Personal', '2023-04-20 09:57:56', '2023-04-20 09:57:56'),
(164, 29, 'NOP-7890', 'Mazda', '3', 'White', '2022-01-06 00:00:00', 'Hanoi', 'Business', '2023-04-20 09:57:56', '2023-04-20 09:57:56'),
(165, 30, 'QRS-1234', 'Toyota', 'Innova', 'Silver', '2022-01-14 00:00:00', 'Ho Chi Minh City', 'Personal', '2023-04-20 09:57:56', '2023-04-20 09:57:56'),
(166, 31, 'TUV-5678', 'Nissan', 'Sentra', 'Black', '2021-06-06 00:00:00', 'Hanoi', 'Business', '2023-04-20 09:57:56', '2023-04-20 09:57:56'),
(167, 32, 'WXY-9012', 'Hyundai', 'Tucson', 'Blue', '2020-07-06 00:00:00', 'Da Nang', 'Personal', '2023-04-20 09:57:56', '2023-04-20 09:57:56'),
(168, 33, 'ZAB-3456', 'Toyota', 'Fortuner', 'White', '2020-07-08 00:00:00', 'Hanoi', 'Business', '2023-04-20 09:57:56', '2023-04-20 09:57:56'),
(169, 34, 'CDE-7890', 'Honda', 'Fit', 'Red', '2019-07-06 00:00:00', 'Ho Chi Minh City', 'Personal', '2023-04-20 09:57:56', '2023-04-20 09:57:56'),
(170, 35, 'FGH-1234', 'Mitsubishi', 'Xpander', 'Silver', '2018-07-06 00:00:00', 'Hanoi', 'Business', '2023-04-20 09:57:56', '2023-04-20 09:57:56'),
(171, 36, 'IJK-5678', 'Toyota', 'Corolla', 'Black', '2018-09-06 00:00:00', 'Ho Chi Minh City', 'Personal', '2023-04-20 09:57:56', '2023-04-20 09:57:56'),
(172, 37, 'LMN-9012', 'Ford', 'Explorer', 'Blue', '2021-09-06 00:00:00', 'Hanoi', 'Business', '2023-04-20 09:57:56', '2023-04-20 09:57:56'),
(173, 38, 'OPQ-3456', 'Hyundai', 'Accent', 'Gray', '2021-12-25 00:00:00', 'Da Nang', 'Personal', '2023-04-20 09:57:56', '2023-04-20 09:57:56'),
(174, 39, 'RST-7890', 'Kia', 'Sorento', 'White', '2017-07-06 00:00:00', 'Hanoi', 'Business', '2023-04-20 09:57:56', '2023-04-20 09:57:56'),
(175, 40, 'UVW-1234', 'Mazda', 'CX-5', 'Red', '2019-01-09 00:00:00', 'Ho Chi Minh City', 'Personal', '2023-04-20 09:57:56', '2023-04-20 09:57:56'),
(176, 16, 'XYZ-5678', 'Toyota', 'Yaris', 'Silver', '2021-07-03 00:00:00', 'Hanoi', 'Business', '2023-04-20 09:57:56', '2023-04-20 09:57:56'),
(177, 17, 'ABC-9012', 'Honda', 'Civic', 'Black', '2021-03-07 00:00:00', 'Da Nang', 'Personal', '2023-04-20 09:57:56', '2023-04-20 09:57:56'),
(178, 18, 'DEF-3456', 'Nissan', 'Kicks', 'Blue', '2021-03-22 00:00:00', 'Hanoi', 'Business', '2023-04-20 09:57:56', '2023-04-20 09:57:56'),
(179, 19, 'GHI-7890', 'Hyundai', 'Santa Fe', 'White', '2021-04-18 00:00:00', 'Ho Chi Minh City', 'Personal', '2023-04-20 09:57:56', '2023-04-20 09:57:56'),
(180, 20, 'JKL-1234', 'Toyota', 'RAV4', 'Gray', '2020-01-14 00:00:00', 'Hanoi', 'Business', '2023-04-20 09:57:56', '2023-04-20 09:57:56');

-- --------------------------------------------------------

--
-- Table structure for table `drivers`
--

CREATE TABLE `drivers` (
  `id` int(11) NOT NULL,
  `driverName` varchar(255) DEFAULT NULL,
  `dateOfBirth` date DEFAULT NULL,
  `address` varchar(255) DEFAULT NULL,
  `phoneNumber` varchar(255) DEFAULT NULL,
  `createdAt` datetime NOT NULL,
  `updatedAt` datetime NOT NULL
) ENGINE=InnoDB DEFAULT CHARSET=utf8mb4 COLLATE=utf8mb4_general_ci;

--
-- Dumping data for table `drivers`
--

INSERT INTO `drivers` (`id`, `driverName`, `dateOfBirth`, `address`, `phoneNumber`, `createdAt`, `updatedAt`) VALUES
(1, 'Nguyễn Thành Long', '1990-01-15', 'Số 5, đường Nguyễn Du, phường 7, quận 3, TP. HCM', '0901111222', '2023-04-12 12:34:25', '2023-04-12 12:34:25'),
(2, 'Trần Thị Mai', '1995-03-20', 'Số 15, đường Nguyễn Huệ, phường Bến Nghé, quận 1, TP. HCM', '0902222333', '2023-04-12 12:34:25', '2023-04-12 12:34:25'),
(3, 'Lê Văn An', '1988-05-25', 'Số 8, đường Ngô Tất Tố, phường 22, quận Bình Thạnh, TP. HCM', '0903333444', '2023-04-12 12:34:25', '2023-04-12 12:34:25'),
(4, 'Phạm Văn Đông', '1992-06-10', 'Số 12, đường Lê Thánh Tôn, phường Bến Nghé, quận 1, TP. HCM', '0904444555', '2023-04-12 12:34:25', '2023-04-12 12:34:25'),
(5, 'Ngô Thị Thanh', '1985-09-05', 'Số 20, đường Nam Kỳ Khởi Nghĩa, phường Bến Nghé, quận 1, TP. HCM', '0905555666', '2023-04-12 12:34:25', '2023-04-12 12:34:25'),
(6, 'Vũ Thị Ngọc', '1998-12-31', 'Số 30, đường Trần Hưng Đạo, phường Cầu Ông Lãnh, quận 1, TP. HCM', '0906666777', '2023-04-12 12:34:25', '2023-04-12 12:34:25'),
(7, 'Nguyễn Văn Huy', '1991-02-14', 'Số 25, đường Cách Mạng Tháng 8, phường 7, quận 3, TP. HCM', '0907777888', '2023-04-12 12:34:25', '2023-04-12 12:34:25'),
(8, 'Lê Thị Hồng', '1983-04-28', 'Số 10, đường Nguyễn Cư Trinh, phường Phạm Ngũ Lão, quận 1, TP. HCM', '0908888999', '2023-04-12 12:34:25', '2023-04-12 12:34:25'),
(9, 'Trần Văn Tài', '1994-07-02', 'Số 35, đường Điện Biên Phủ, phường 17, quận Bình Thạnh, TP. HCM', '0909999000', '2023-04-12 12:34:25', '2023-04-12 12:34:25'),
(10, 'Trần Thị Bình', '1993-02-15', 'Số 10, đường Nguyễn Trãi, phường Thanh Xuân, quận Thanh Xuân, Hà Nội', '0915555666', '2023-04-12 12:34:25', '2023-04-12 12:34:25'),
(11, 'Phạm Văn Cấn', '1988-05-05', 'Số 15, đường Lê Duẩn, phường Mỹ Đình, quận Nam Từ Liêm, Hà Nội', '0902222777', '2023-04-12 12:34:25', '2023-04-12 12:34:25'),
(12, 'Đỗ Thị Danh', '1997-11-12', 'Số 3, đường Lý Thường Kiệt, phường Lê Lợi, quận Hải Châu, Đà Nẵng', '0988888999', '2023-04-12 12:34:25', '2023-04-12 12:34:25'),
(13, 'Lê Văn Quyền', '1990-09-01', 'Số 12, đường Ngô Quyền, phường Ngô Quyền, quận Hải Phòng, Hải Phòng', '0936666777', '2023-04-12 12:34:25', '2023-04-12 12:34:25'),
(14, 'Trần Văn Diệu', '1985-04-30', 'Số 5, đường Hoàng Diệu, phường Thanh Bình, quận Hải Châu, Đà Nẵng', '0967777888', '2023-04-12 12:34:25', '2023-04-12 12:34:25'),
(15, 'Nguyễn Thị Vương', '1992-07-09', 'Số 6, đường Hùng Vương, phường Hải Châu 1, quận Hải Châu, Đà Nẵng', '0974444555', '2023-04-12 12:34:25', '2023-04-12 12:34:25'),
(16, 'Trần Văn Lợi', '1994-12-25', 'Số 8, đường Lê Lợi, phường Thanh Bình, quận Hải Châu, Đà Nẵng', '0983333444', '2023-04-12 12:34:25', '2023-04-12 12:34:25'),
(17, 'Nguyễn Văn Huệ', '1989-10-17', 'Số 7, đường Nguyễn Huệ, phường Phú Hội, quận Huế, Thừa Thiên Huế', '0914444555', '2023-04-12 12:34:25', '2023-04-12 12:34:25'),
(18, 'Nguyễn Thành Long', '1990-01-15', 'Số 5, đường Nguyễn Du, phường 7, quận 3, TP. HCM', '0901111222', '2023-04-20 09:54:39', '2023-04-20 09:54:39'),
(19, 'Trần Thị Mai', '1995-03-20', 'Số 15, đường Nguyễn Huệ, phường Bến Nghé, quận 1, TP. HCM', '0902222333', '2023-04-20 09:54:39', '2023-04-20 09:54:39'),
(20, 'Lê Văn An', '1988-05-25', 'Số 8, đường Ngô Tất Tố, phường 22, quận Bình Thạnh, TP. HCM', '0903333444', '2023-04-20 09:54:39', '2023-04-20 09:54:39'),
(21, 'Phạm Văn Đông', '1992-06-10', 'Số 12, đường Lê Thánh Tôn, phường Bến Nghé, quận 1, TP. HCM', '0904444555', '2023-04-20 09:54:39', '2023-04-20 09:54:39'),
(22, 'Ngô Thị Thanh', '1985-09-05', 'Số 20, đường Nam Kỳ Khởi Nghĩa, phường Bến Nghé, quận 1, TP. HCM', '0905555666', '2023-04-20 09:54:39', '2023-04-20 09:54:39'),
(23, 'Vũ Thị Ngọc', '1998-12-31', 'Số 30, đường Trần Hưng Đạo, phường Cầu Ông Lãnh, quận 1, TP. HCM', '0906666777', '2023-04-20 09:54:39', '2023-04-20 09:54:39'),
(24, 'Nguyễn Văn Huy', '1991-02-14', 'Số 25, đường Cách Mạng Tháng 8, phường 7, quận 3, TP. HCM', '0907777888', '2023-04-20 09:54:39', '2023-04-20 09:54:39'),
(25, 'Lê Thị Hồng', '1983-04-28', 'Số 10, đường Nguyễn Cư Trinh, phường Phạm Ngũ Lão, quận 1, TP. HCM', '0908888999', '2023-04-20 09:54:39', '2023-04-20 09:54:39'),
(26, 'Trần Văn Tài', '1994-07-02', 'Số 35, đường Điện Biên Phủ, phường 17, quận Bình Thạnh, TP. HCM', '0909999000', '2023-04-20 09:54:39', '2023-04-20 09:54:39'),
(27, 'Trần Thị Bình', '1993-02-15', 'Số 10, đường Nguyễn Trãi, phường Thanh Xuân, quận Thanh Xuân, Hà Nội', '0915555666', '2023-04-20 09:54:39', '2023-04-20 09:54:39'),
(28, 'Phạm Văn Cấn', '1988-05-05', 'Số 15, đường Lê Duẩn, phường Mỹ Đình, quận Nam Từ Liêm, Hà Nội', '0902222777', '2023-04-20 09:54:39', '2023-04-20 09:54:39'),
(29, 'Đỗ Thị Danh', '1997-11-12', 'Số 3, đường Lý Thường Kiệt, phường Lê Lợi, quận Hải Châu, Đà Nẵng', '0988888999', '2023-04-20 09:54:39', '2023-04-20 09:54:39'),
(30, 'Lê Văn Quyền', '1990-09-01', 'Số 12, đường Ngô Quyền, phường Ngô Quyền, quận Hải Phòng, Hải Phòng', '0936666777', '2023-04-20 09:54:39', '2023-04-20 09:54:39'),
(31, 'Trần Văn Diệu', '1985-04-30', 'Số 5, đường Hoàng Diệu, phường Thanh Bình, quận Hải Châu, Đà Nẵng', '0967777888', '2023-04-20 09:54:39', '2023-04-20 09:54:39'),
(32, 'Nguyễn Thị Vương', '1992-07-09', 'Số 6, đường Hùng Vương, phường Hải Châu 1, quận Hải Châu, Đà Nẵng', '0974444555', '2023-04-20 09:54:39', '2023-04-20 09:54:39'),
(33, 'Trần Văn Lợi', '1994-12-25', 'Số 8, đường Lê Lợi, phường Thanh Bình, quận Hải Châu, Đà Nẵng', '0983333444', '2023-04-20 09:54:39', '2023-04-20 09:54:39'),
(34, 'Nguyễn Văn Huệ', '1989-10-17', 'Số 7, đường Nguyễn Huệ, phường Phú Hội, quận Huế, Thừa Thiên Huế', '0914444555', '2023-04-20 09:54:39', '2023-04-20 09:54:39'),
(35, 'Nguyễn Thành Long', '1990-01-15', 'Số 5, đường Nguyễn Du, phường 7, quận 3, TP. HCM', '0901111222', '2023-04-20 09:55:57', '2023-04-20 09:55:57'),
(36, 'Trần Thị Mai', '1995-03-20', 'Số 15, đường Nguyễn Huệ, phường Bến Nghé, quận 1, TP. HCM', '0902222333', '2023-04-20 09:55:57', '2023-04-20 09:55:57'),
(37, 'Lê Văn An', '1988-05-25', 'Số 8, đường Ngô Tất Tố, phường 22, quận Bình Thạnh, TP. HCM', '0903333444', '2023-04-20 09:55:57', '2023-04-20 09:55:57'),
(38, 'Phạm Văn Đông', '1992-06-10', 'Số 12, đường Lê Thánh Tôn, phường Bến Nghé, quận 1, TP. HCM', '0904444555', '2023-04-20 09:55:57', '2023-04-20 09:55:57'),
(39, 'Ngô Thị Thanh', '1985-09-05', 'Số 20, đường Nam Kỳ Khởi Nghĩa, phường Bến Nghé, quận 1, TP. HCM', '0905555666', '2023-04-20 09:55:57', '2023-04-20 09:55:57'),
(40, 'Vũ Thị Ngọc', '1998-12-31', 'Số 30, đường Trần Hưng Đạo, phường Cầu Ông Lãnh, quận 1, TP. HCM', '0906666777', '2023-04-20 09:55:57', '2023-04-20 09:55:57'),
(41, 'Nguyễn Văn Huy', '1991-02-14', 'Số 25, đường Cách Mạng Tháng 8, phường 7, quận 3, TP. HCM', '0907777888', '2023-04-20 09:55:57', '2023-04-20 09:55:57'),
(42, 'Lê Thị Hồng', '1983-04-28', 'Số 10, đường Nguyễn Cư Trinh, phường Phạm Ngũ Lão, quận 1, TP. HCM', '0908888999', '2023-04-20 09:55:57', '2023-04-20 09:55:57'),
(43, 'Trần Văn Tài', '1994-07-02', 'Số 35, đường Điện Biên Phủ, phường 17, quận Bình Thạnh, TP. HCM', '0909999000', '2023-04-20 09:55:57', '2023-04-20 09:55:57'),
(44, 'Trần Thị Bình', '1993-02-15', 'Số 10, đường Nguyễn Trãi, phường Thanh Xuân, quận Thanh Xuân, Hà Nội', '0915555666', '2023-04-20 09:55:57', '2023-04-20 09:55:57'),
(45, 'Phạm Văn Cấn', '1988-05-05', 'Số 15, đường Lê Duẩn, phường Mỹ Đình, quận Nam Từ Liêm, Hà Nội', '0902222777', '2023-04-20 09:55:57', '2023-04-20 09:55:57'),
(46, 'Đỗ Thị Danh', '1997-11-12', 'Số 3, đường Lý Thường Kiệt, phường Lê Lợi, quận Hải Châu, Đà Nẵng', '0988888999', '2023-04-20 09:55:57', '2023-04-20 09:55:57'),
(47, 'Lê Văn Quyền', '1990-09-01', 'Số 12, đường Ngô Quyền, phường Ngô Quyền, quận Hải Phòng, Hải Phòng', '0936666777', '2023-04-20 09:55:57', '2023-04-20 09:55:57'),
(48, 'Trần Văn Diệu', '1985-04-30', 'Số 5, đường Hoàng Diệu, phường Thanh Bình, quận Hải Châu, Đà Nẵng', '0967777888', '2023-04-20 09:55:57', '2023-04-20 09:55:57'),
(49, 'Nguyễn Thị Vương', '1992-07-09', 'Số 6, đường Hùng Vương, phường Hải Châu 1, quận Hải Châu, Đà Nẵng', '0974444555', '2023-04-20 09:55:57', '2023-04-20 09:55:57'),
(50, 'Trần Văn Lợi', '1994-12-25', 'Số 8, đường Lê Lợi, phường Thanh Bình, quận Hải Châu, Đà Nẵng', '0983333444', '2023-04-20 09:55:57', '2023-04-20 09:55:57'),
(51, 'Nguyễn Văn Huệ', '1989-10-17', 'Số 7, đường Nguyễn Huệ, phường Phú Hội, quận Huế, Thừa Thiên Huế', '0914444555', '2023-04-20 09:55:57', '2023-04-20 09:55:57'),
(52, 'Nguyễn Thành Long', '1990-01-15', 'Số 5, đường Nguyễn Du, phường 7, quận 3, TP. HCM', '0901111222', '2023-04-20 09:56:21', '2023-04-20 09:56:21'),
(53, 'Trần Thị Mai', '1995-03-20', 'Số 15, đường Nguyễn Huệ, phường Bến Nghé, quận 1, TP. HCM', '0902222333', '2023-04-20 09:56:21', '2023-04-20 09:56:21'),
(54, 'Lê Văn An', '1988-05-25', 'Số 8, đường Ngô Tất Tố, phường 22, quận Bình Thạnh, TP. HCM', '0903333444', '2023-04-20 09:56:21', '2023-04-20 09:56:21'),
(55, 'Phạm Văn Đông', '1992-06-10', 'Số 12, đường Lê Thánh Tôn, phường Bến Nghé, quận 1, TP. HCM', '0904444555', '2023-04-20 09:56:21', '2023-04-20 09:56:21'),
(56, 'Ngô Thị Thanh', '1985-09-05', 'Số 20, đường Nam Kỳ Khởi Nghĩa, phường Bến Nghé, quận 1, TP. HCM', '0905555666', '2023-04-20 09:56:21', '2023-04-20 09:56:21'),
(57, 'Vũ Thị Ngọc', '1998-12-31', 'Số 30, đường Trần Hưng Đạo, phường Cầu Ông Lãnh, quận 1, TP. HCM', '0906666777', '2023-04-20 09:56:21', '2023-04-20 09:56:21'),
(58, 'Nguyễn Văn Huy', '1991-02-14', 'Số 25, đường Cách Mạng Tháng 8, phường 7, quận 3, TP. HCM', '0907777888', '2023-04-20 09:56:21', '2023-04-20 09:56:21'),
(59, 'Lê Thị Hồng', '1983-04-28', 'Số 10, đường Nguyễn Cư Trinh, phường Phạm Ngũ Lão, quận 1, TP. HCM', '0908888999', '2023-04-20 09:56:21', '2023-04-20 09:56:21'),
(60, 'Trần Văn Tài', '1994-07-02', 'Số 35, đường Điện Biên Phủ, phường 17, quận Bình Thạnh, TP. HCM', '0909999000', '2023-04-20 09:56:21', '2023-04-20 09:56:21'),
(61, 'Trần Thị Bình', '1993-02-15', 'Số 10, đường Nguyễn Trãi, phường Thanh Xuân, quận Thanh Xuân, Hà Nội', '0915555666', '2023-04-20 09:56:21', '2023-04-20 09:56:21'),
(62, 'Phạm Văn Cấn', '1988-05-05', 'Số 15, đường Lê Duẩn, phường Mỹ Đình, quận Nam Từ Liêm, Hà Nội', '0902222777', '2023-04-20 09:56:21', '2023-04-20 09:56:21'),
(63, 'Đỗ Thị Danh', '1997-11-12', 'Số 3, đường Lý Thường Kiệt, phường Lê Lợi, quận Hải Châu, Đà Nẵng', '0988888999', '2023-04-20 09:56:21', '2023-04-20 09:56:21'),
(64, 'Lê Văn Quyền', '1990-09-01', 'Số 12, đường Ngô Quyền, phường Ngô Quyền, quận Hải Phòng, Hải Phòng', '0936666777', '2023-04-20 09:56:21', '2023-04-20 09:56:21'),
(65, 'Trần Văn Diệu', '1985-04-30', 'Số 5, đường Hoàng Diệu, phường Thanh Bình, quận Hải Châu, Đà Nẵng', '0967777888', '2023-04-20 09:56:21', '2023-04-20 09:56:21'),
(66, 'Nguyễn Thị Vương', '1992-07-09', 'Số 6, đường Hùng Vương, phường Hải Châu 1, quận Hải Châu, Đà Nẵng', '0974444555', '2023-04-20 09:56:21', '2023-04-20 09:56:21'),
(67, 'Trần Văn Lợi', '1994-12-25', 'Số 8, đường Lê Lợi, phường Thanh Bình, quận Hải Châu, Đà Nẵng', '0983333444', '2023-04-20 09:56:21', '2023-04-20 09:56:21'),
(68, 'Nguyễn Văn Huệ', '1989-10-17', 'Số 7, đường Nguyễn Huệ, phường Phú Hội, quận Huế, Thừa Thiên Huế', '0914444555', '2023-04-20 09:56:21', '2023-04-20 09:56:21'),
(69, 'Nguyễn Thành Long', '1990-01-15', 'Số 5, đường Nguyễn Du, phường 7, quận 3, TP. HCM', '0901111222', '2023-04-20 09:57:56', '2023-04-20 09:57:56'),
(70, 'Trần Thị Mai', '1995-03-20', 'Số 15, đường Nguyễn Huệ, phường Bến Nghé, quận 1, TP. HCM', '0902222333', '2023-04-20 09:57:56', '2023-04-20 09:57:56'),
(71, 'Lê Văn An', '1988-05-25', 'Số 8, đường Ngô Tất Tố, phường 22, quận Bình Thạnh, TP. HCM', '0903333444', '2023-04-20 09:57:56', '2023-04-20 09:57:56'),
(72, 'Phạm Văn Đông', '1992-06-10', 'Số 12, đường Lê Thánh Tôn, phường Bến Nghé, quận 1, TP. HCM', '0904444555', '2023-04-20 09:57:56', '2023-04-20 09:57:56'),
(73, 'Ngô Thị Thanh', '1985-09-05', 'Số 20, đường Nam Kỳ Khởi Nghĩa, phường Bến Nghé, quận 1, TP. HCM', '0905555666', '2023-04-20 09:57:56', '2023-04-20 09:57:56'),
(74, 'Vũ Thị Ngọc', '1998-12-31', 'Số 30, đường Trần Hưng Đạo, phường Cầu Ông Lãnh, quận 1, TP. HCM', '0906666777', '2023-04-20 09:57:56', '2023-04-20 09:57:56'),
(75, 'Nguyễn Văn Huy', '1991-02-14', 'Số 25, đường Cách Mạng Tháng 8, phường 7, quận 3, TP. HCM', '0907777888', '2023-04-20 09:57:56', '2023-04-20 09:57:56'),
(76, 'Lê Thị Hồng', '1983-04-28', 'Số 10, đường Nguyễn Cư Trinh, phường Phạm Ngũ Lão, quận 1, TP. HCM', '0908888999', '2023-04-20 09:57:56', '2023-04-20 09:57:56'),
(77, 'Trần Văn Tài', '1994-07-02', 'Số 35, đường Điện Biên Phủ, phường 17, quận Bình Thạnh, TP. HCM', '0909999000', '2023-04-20 09:57:56', '2023-04-20 09:57:56'),
(78, 'Trần Thị Bình', '1993-02-15', 'Số 10, đường Nguyễn Trãi, phường Thanh Xuân, quận Thanh Xuân, Hà Nội', '0915555666', '2023-04-20 09:57:56', '2023-04-20 09:57:56'),
(79, 'Phạm Văn Cấn', '1988-05-05', 'Số 15, đường Lê Duẩn, phường Mỹ Đình, quận Nam Từ Liêm, Hà Nội', '0902222777', '2023-04-20 09:57:56', '2023-04-20 09:57:56'),
(80, 'Đỗ Thị Danh', '1997-11-12', 'Số 3, đường Lý Thường Kiệt, phường Lê Lợi, quận Hải Châu, Đà Nẵng', '0988888999', '2023-04-20 09:57:56', '2023-04-20 09:57:56'),
(81, 'Lê Văn Quyền', '1990-09-01', 'Số 12, đường Ngô Quyền, phường Ngô Quyền, quận Hải Phòng, Hải Phòng', '0936666777', '2023-04-20 09:57:56', '2023-04-20 09:57:56'),
(82, 'Trần Văn Diệu', '1985-04-30', 'Số 5, đường Hoàng Diệu, phường Thanh Bình, quận Hải Châu, Đà Nẵng', '0967777888', '2023-04-20 09:57:56', '2023-04-20 09:57:56'),
(83, 'Nguyễn Thị Vương', '1992-07-09', 'Số 6, đường Hùng Vương, phường Hải Châu 1, quận Hải Châu, Đà Nẵng', '0974444555', '2023-04-20 09:57:56', '2023-04-20 09:57:56'),
(84, 'Trần Văn Lợi', '1994-12-25', 'Số 8, đường Lê Lợi, phường Thanh Bình, quận Hải Châu, Đà Nẵng', '0983333444', '2023-04-20 09:57:56', '2023-04-20 09:57:56'),
(85, 'Nguyễn Văn Huệ', '1989-10-17', 'Số 7, đường Nguyễn Huệ, phường Phú Hội, quận Huế, Thừa Thiên Huế', '0914444555', '2023-04-20 09:57:56', '2023-04-20 09:57:56');

-- --------------------------------------------------------

--
-- Table structure for table `registers`
--

CREATE TABLE `registers` (
  `id` int(11) NOT NULL,
  `userId` varchar(255) DEFAULT NULL,
  `carId` varchar(255) DEFAULT NULL,
  `registerDate` varchar(255) DEFAULT NULL,
  `expireDate` varchar(255) DEFAULT NULL,
  `createdAt` datetime NOT NULL,
  `updatedAt` datetime NOT NULL
) ENGINE=InnoDB DEFAULT CHARSET=utf8mb4 COLLATE=utf8mb4_general_ci;

--
-- Dumping data for table `registers`
--

INSERT INTO `registers` (`id`, `userId`, `carId`, `registerDate`, `expireDate`, `createdAt`, `updatedAt`) VALUES
(197, '2', '1', '2022-06-02', '2023-06-02', '2023-04-20 09:57:56', '2023-04-20 09:57:56'),
(198, '2', '2', '2022-09-05', '2023-09-05', '2023-04-20 09:57:56', '2023-04-20 09:57:56'),
(199, '2', '3', '2023-10-26', '2023-10-26', '2023-04-20 09:57:56', '2023-04-20 09:57:56'),
(200, '2', '4', '2023-10-26', '2023-10-26', '2023-04-20 09:57:56', '2023-04-20 09:57:56'),
(201, '2', '5', '2023-11-09', '2023-11-09', '2023-04-20 09:57:56', '2023-04-20 09:57:56'),
(202, '2', '6', '2022-05-06', '2023-05-06', '2023-04-20 09:57:56', '2023-04-20 09:57:56'),
(203, '2', '7', '2022-12-19', '2023-12-19', '2023-04-20 09:57:56', '2023-04-20 09:57:56'),
(204, '2', '8', '2022-11-30', '2023-11-30', '2023-04-20 09:57:56', '2023-04-20 09:57:56'),
(205, '2', '9', '2022-07-10', '2023-07-10', '2023-04-20 09:57:56', '2023-04-20 09:57:56'),
(206, '2', '10', '2022-06-13', '2023-06-13', '2023-04-20 09:57:56', '2023-04-20 09:57:56'),
(207, '2', '11', '2022-08-07', '2023-08-07', '2023-04-20 09:57:56', '2023-04-20 09:57:56'),
(208, '2', '12', '2022-10-14', '2023-10-14', '2023-04-20 09:57:56', '2023-04-20 09:57:56'),
(209, '2', '13', '2022-11-20', '2023-11-20', '2023-04-20 09:57:56', '2023-04-20 09:57:56'),
(210, '2', '14', '2022-09-24', '2023-09-24', '2023-04-20 09:57:56', '2023-04-20 09:57:56'),
(211, '2', '15', '2022-04-20', '2023-04-20', '2023-04-20 09:57:56', '2023-04-20 09:57:56'),
(212, '2', '16', '2022-09-06', '2023-09-06', '2023-04-20 09:57:56', '2023-04-20 09:57:56'),
(213, '2', '17', '2022-08-08', '2023-08-08', '2023-04-20 09:57:56', '2023-04-20 09:57:56'),
(214, '2', '18', '2022-11-05', '2023-11-05', '2023-04-20 09:57:56', '2023-04-20 09:57:56'),
(215, '2', '19', '2022-04-21', '2023-04-21', '2023-04-20 09:57:56', '2023-04-20 09:57:56'),
(216, '2', '20', '2022-07-18', '2023-07-18', '2023-04-20 09:57:56', '2023-04-20 09:57:56'),
(217, '2', '21', '2022-05-21', '2023-05-21', '2023-04-20 09:57:56', '2023-04-20 09:57:56'),
(218, '2', '22', '2022-12-06', '2023-12-06', '2023-04-20 09:57:56', '2023-04-20 09:57:56'),
(219, '2', '', '2022-09-16', '2023-09-16', '2023-04-20 09:57:56', '2023-04-20 09:57:56'),
(220, '2', '23', '2022-10-29', '2023-10-29', '2023-04-20 09:57:56', '2023-04-20 09:57:56'),
(221, '2', '24', '2022-03-20', '2023-03-20', '2023-04-20 09:57:56', '2023-04-20 09:57:56'),
(222, '2', '25', '2022-05-24', '2023-05-24', '2023-04-20 09:57:56', '2023-04-20 09:57:56'),
(223, '2', '26', '2022-10-13', '2023-10-13', '2023-04-20 09:57:56', '2023-04-20 09:57:56'),
(224, '2', '27', '2022-06-17', '2023-06-17', '2023-04-20 09:57:56', '2023-04-20 09:57:56'),
(225, '2', '28', '2022-06-20', '2023-06-20', '2023-04-20 09:57:56', '2023-04-20 09:57:56'),
(226, '2', '29', '2022-08-28', '2023-08-28', '2023-04-20 09:57:56', '2023-04-20 09:57:56'),
(227, '2', '30', '2022-09-30', '2023-09-30', '2023-04-20 09:57:56', '2023-04-20 09:57:56'),
(228, '2', '31', '2022-11-27', '2023-11-27', '2023-04-20 09:57:56', '2023-04-20 09:57:56'),
(229, '2', '32', '2022-12-18', '2023-12-18', '2023-04-20 09:57:56', '2023-04-20 09:57:56'),
(230, '2', '33', '2022-06-08', '2023-06-08', '2023-04-20 09:57:56', '2023-04-20 09:57:56'),
(231, '2', '34', '2022-08-24', '2023-08-24', '2023-04-20 09:57:56', '2023-04-20 09:57:56'),
(232, '2', '35', '2022-07-11', '2023-07-11', '2023-04-20 09:57:56', '2023-04-20 09:57:56'),
(233, '2', '36', '2022-06-26', '2023-06-26', '2023-04-20 09:57:56', '2023-04-20 09:57:56'),
(234, '2', '37', '2022-09-03', '2023-09-03', '2023-04-20 09:57:56', '2023-04-20 09:57:56'),
(235, '2', '38', '2022-11-02', '2023-11-02', '2023-04-20 09:57:56', '2023-04-20 09:57:56'),
(236, '2', '39', '2022-11-25', '2023-11-25', '2023-04-20 09:57:56', '2023-04-20 09:57:56'),
(237, '2', '40', '2022-06-01', '2023-06-01', '2023-04-20 09:57:56', '2023-04-20 09:57:56'),
(238, '2', '41', '2022-12-13', '2023-12-13', '2023-04-20 09:57:56', '2023-04-20 09:57:56'),
(239, '2', '42', '2022-08-17', '2023-08-17', '2023-04-20 09:57:56', '2023-04-20 09:57:56'),
(240, '2', '43', '2022-08-27', '2023-08-27', '2023-04-20 09:57:56', '2023-04-20 09:57:56'),
(241, '2', '44', '2022-05-20', '2023-05-20', '2023-04-20 09:57:56', '2023-04-20 09:57:56'),
(242, '2', '45', '2022-07-06', '2023-07-06', '2023-04-20 09:57:56', '2023-04-20 09:57:56'),
(243, '2', '46', '2022-04-22', '2023-04-22', '2023-04-20 09:57:56', '2023-04-20 09:57:56'),
(244, '2', '47', '2022-10-19', '2023-10-19', '2023-04-20 09:57:56', '2023-04-20 09:57:56'),
(245, '2', '48', '2022-08-12', '2023-08-12', '2023-04-20 09:57:56', '2023-04-20 09:57:56'),
(246, '2', '49', '2022-06-24', '2023-06-24', '2023-04-20 09:57:56', '2023-04-20 09:57:56'),
(247, '2', '50', '2022-07-31', '2023-07-31', '2023-04-20 09:57:56', '2023-04-20 09:57:56'),
(248, '2', '51', '2022-09-14', '2023-09-14', '2023-04-20 09:57:56', '2023-04-20 09:57:56'),
(249, '2', '52', '2022-12-02', '2023-12-02', '2023-04-20 09:57:56', '2023-04-20 09:57:56'),
(250, '2', '53', '2022-11-10', '2023-11-10', '2023-04-20 09:57:56', '2023-04-20 09:57:56'),
(251, '2', '54', '2022-11-10', '2023-11-10', '2023-04-20 09:57:56', '2023-04-20 09:57:56'),
(252, '2', '55', '2022-09-22', '2023-09-22', '2023-04-20 09:57:56', '2023-04-20 09:57:56'),
(253, '2', '56', '2022-12-30', '2023-12-30', '2023-04-20 09:57:56', '2023-04-20 09:57:56'),
(254, '2', '57', '2022-11-21', '2023-11-21', '2023-04-20 09:57:56', '2023-04-20 09:57:56'),
(255, '2', '58', '2022-05-09', '2023-05-09', '2023-04-20 09:57:56', '2023-04-20 09:57:56'),
(256, '2', '59', '2022-10-04', '2023-10-04', '2023-04-20 09:57:56', '2023-04-20 09:57:56'),
(257, '2', '60', '2022-12-22', '2023-12-22', '2023-04-20 09:57:56', '2023-04-20 09:57:56');

-- --------------------------------------------------------

--
-- Table structure for table `sequelizemeta`
--

CREATE TABLE `sequelizemeta` (
  `name` varchar(255) NOT NULL
) ENGINE=InnoDB DEFAULT CHARSET=utf8 COLLATE=utf8_unicode_ci;

--
-- Dumping data for table `sequelizemeta`
--

INSERT INTO `sequelizemeta` (`name`) VALUES
('20230402141211-create-user.js'),
('migration-create-car.js'),
('migration-create-driver.js'),
('migration-create-register.js');

-- --------------------------------------------------------

--
-- Table structure for table `users`
--

CREATE TABLE `users` (
  `id` int(11) NOT NULL,
  `name` varchar(255) DEFAULT NULL,
  `username` varchar(255) DEFAULT NULL,
  `password` varchar(255) DEFAULT NULL,
  `rolebit` varchar(255) DEFAULT NULL,
  `address` varchar(255) DEFAULT NULL,
  `createdAt` datetime NOT NULL,
  `updatedAt` datetime NOT NULL
) ENGINE=InnoDB DEFAULT CHARSET=utf8mb4 COLLATE=utf8mb4_general_ci;

--
-- Dumping data for table `users`
--

INSERT INTO `users` (`id`, `name`, `username`, `password`, `rolebit`, `address`, `createdAt`, `updatedAt`) VALUES
(1, 'Cục đăng kiểm Việt Nam', 'cucdangkiemvn', 'c12345.', '1', 'Số 80 Trần Hưng Đạo, Hoàn Kiếm, Hà Nội.', '0000-00-00 00:00:00', '0000-00-00 00:00:00'),
(2, 'Trung tâm đăng kiểm Hà Nội 1', 'hanoi1', 'hn112345.', '0', 'Số 1, Lê Đức Thọ, phường Mỹ Đình 2, quận Nam Từ Liêm, Hà Nội', '0000-00-00 00:00:00', '0000-00-00 00:00:00'),
(3, 'Trung tâm đăng kiểm Hà Nội 2', 'ttdkhanoi2', 'hn212345.', '0', 'Số 10, ngõ 61, đường Nguyễn Chánh, phường Trung Hòa, quận Cầu Giấy, Hà Nội.', '0000-00-00 00:00:00', '0000-00-00 00:00:00'),
(4, 'Trung tâm đăng kiểm thành phố Hồ Chí Minh 1', 'hcm1', 'ttdkhcm112345.', '0', 'Số 151 đường D1, phường 25, quận Bình Thạnh, TP. Hồ Chí Minh.', '0000-00-00 00:00:00', '0000-00-00 00:00:00'),
(5, 'Trung tâm đăng kiểm thành phố Đà nẵng', 'ttdkdn', 'dn12345.', '0', 'Số 41-43 đường Duy Tân, quận Hải Châu, thành phố Đà Nẵng.', '0000-00-00 00:00:00', '0000-00-00 00:00:00'),
(6, 'Cục đăng kiểm Việt Nam', 'cucdangkiemvn', 'c12345.', '1', 'Số 80 Trần Hưng Đạo, Hoàn Kiếm, Hà Nội.', '2023-04-20 09:54:39', '2023-04-20 09:54:39'),
(7, 'Trung tâm đăng kiểm Hà Nội 1', 'hanoi1', 'hn112345.', '0', 'Số 1, Lê Đức Thọ, phường Mỹ Đình 2, quận Nam Từ Liêm, Hà Nội', '2023-04-20 09:54:39', '2023-04-20 09:54:39'),
(8, 'Trung tâm đăng kiểm Hà Nội 2', 'ttdkhanoi2', 'hn212345.', '0', 'Số 10, ngõ 61, đường Nguyễn Chánh, phường Trung Hòa, quận Cầu Giấy, Hà Nội.', '2023-04-20 09:54:39', '2023-04-20 09:54:39'),
(9, 'Trung tâm đăng kiểm thành phố Hồ Chí Minh 1', 'hcm1', 'ttdkhcm112345.', '0', 'Số 151 đường D1, phường 25, quận Bình Thạnh, TP. Hồ Chí Minh.', '2023-04-20 09:54:39', '2023-04-20 09:54:39'),
(10, 'Trung tâm đăng kiểm thành phố Đà nẵng', 'ttdkdn', 'dn12345.', '0', 'Số 41-43 đường Duy Tân, quận Hải Châu, thành phố Đà Nẵng.', '2023-04-20 09:54:39', '2023-04-20 09:54:39'),
(11, 'Cục đăng kiểm Việt Nam', 'cucdangkiemvn', 'c12345.', '1', 'Số 80 Trần Hưng Đạo, Hoàn Kiếm, Hà Nội.', '2023-04-20 09:55:57', '2023-04-20 09:55:57'),
(12, 'Trung tâm đăng kiểm Hà Nội 1', 'hanoi1', 'hn112345.', '0', 'Số 1, Lê Đức Thọ, phường Mỹ Đình 2, quận Nam Từ Liêm, Hà Nội', '2023-04-20 09:55:57', '2023-04-20 09:55:57'),
(13, 'Trung tâm đăng kiểm Hà Nội 2', 'ttdkhanoi2', 'hn212345.', '0', 'Số 10, ngõ 61, đường Nguyễn Chánh, phường Trung Hòa, quận Cầu Giấy, Hà Nội.', '2023-04-20 09:55:57', '2023-04-20 09:55:57'),
(14, 'Trung tâm đăng kiểm thành phố Hồ Chí Minh 1', 'hcm1', 'ttdkhcm112345.', '0', 'Số 151 đường D1, phường 25, quận Bình Thạnh, TP. Hồ Chí Minh.', '2023-04-20 09:55:57', '2023-04-20 09:55:57'),
(15, 'Trung tâm đăng kiểm thành phố Đà nẵng', 'ttdkdn', 'dn12345.', '0', 'Số 41-43 đường Duy Tân, quận Hải Châu, thành phố Đà Nẵng.', '2023-04-20 09:55:57', '2023-04-20 09:55:57'),
(16, 'Cục đăng kiểm Việt Nam', 'cucdangkiemvn', 'c12345.', '1', 'Số 80 Trần Hưng Đạo, Hoàn Kiếm, Hà Nội.', '2023-04-20 09:56:21', '2023-04-20 09:56:21'),
(17, 'Trung tâm đăng kiểm Hà Nội 1', 'hanoi1', 'hn112345.', '0', 'Số 1, Lê Đức Thọ, phường Mỹ Đình 2, quận Nam Từ Liêm, Hà Nội', '2023-04-20 09:56:21', '2023-04-20 09:56:21'),
(18, 'Trung tâm đăng kiểm Hà Nội 2', 'ttdkhanoi2', 'hn212345.', '0', 'Số 10, ngõ 61, đường Nguyễn Chánh, phường Trung Hòa, quận Cầu Giấy, Hà Nội.', '2023-04-20 09:56:21', '2023-04-20 09:56:21'),
(19, 'Trung tâm đăng kiểm thành phố Hồ Chí Minh 1', 'hcm1', 'ttdkhcm112345.', '0', 'Số 151 đường D1, phường 25, quận Bình Thạnh, TP. Hồ Chí Minh.', '2023-04-20 09:56:21', '2023-04-20 09:56:21'),
(20, 'Trung tâm đăng kiểm thành phố Đà nẵng', 'ttdkdn', 'dn12345.', '0', 'Số 41-43 đường Duy Tân, quận Hải Châu, thành phố Đà Nẵng.', '2023-04-20 09:56:21', '2023-04-20 09:56:21'),
(21, 'Cục đăng kiểm Việt Nam', 'cucdangkiemvn', 'c12345.', '1', 'Số 80 Trần Hưng Đạo, Hoàn Kiếm, Hà Nội.', '2023-04-20 09:57:56', '2023-04-20 09:57:56'),
(22, 'Trung tâm đăng kiểm Hà Nội 1', 'hanoi1', 'hn112345.', '0', 'Số 1, Lê Đức Thọ, phường Mỹ Đình 2, quận Nam Từ Liêm, Hà Nội', '2023-04-20 09:57:56', '2023-04-20 09:57:56'),
(23, 'Trung tâm đăng kiểm Hà Nội 2', 'ttdkhanoi2', 'hn212345.', '0', 'Số 10, ngõ 61, đường Nguyễn Chánh, phường Trung Hòa, quận Cầu Giấy, Hà Nội.', '2023-04-20 09:57:56', '2023-04-20 09:57:56'),
(24, 'Trung tâm đăng kiểm thành phố Hồ Chí Minh 1', 'hcm1', 'ttdkhcm112345.', '0', 'Số 151 đường D1, phường 25, quận Bình Thạnh, TP. Hồ Chí Minh.', '2023-04-20 09:57:56', '2023-04-20 09:57:56'),
(25, 'Trung tâm đăng kiểm thành phố Đà nẵng', 'ttdkdn', 'dn12345.', '0', 'Số 41-43 đường Duy Tân, quận Hải Châu, thành phố Đà Nẵng.', '2023-04-20 09:57:56', '2023-04-20 09:57:56');

--
-- Indexes for dumped tables
--

--
-- Indexes for table `cars`
--
ALTER TABLE `cars`
  ADD PRIMARY KEY (`id`);

--
-- Indexes for table `drivers`
--
ALTER TABLE `drivers`
  ADD PRIMARY KEY (`id`);

--
-- Indexes for table `registers`
--
ALTER TABLE `registers`
  ADD PRIMARY KEY (`id`);

--
-- Indexes for table `sequelizemeta`
--
ALTER TABLE `sequelizemeta`
  ADD PRIMARY KEY (`name`),
  ADD UNIQUE KEY `name` (`name`);

--
-- Indexes for table `users`
--
ALTER TABLE `users`
  ADD PRIMARY KEY (`id`);

--
-- AUTO_INCREMENT for dumped tables
--

--
-- AUTO_INCREMENT for table `cars`
--
ALTER TABLE `cars`
  MODIFY `id` int(11) NOT NULL AUTO_INCREMENT, AUTO_INCREMENT=181;

--
-- AUTO_INCREMENT for table `drivers`
--
ALTER TABLE `drivers`
  MODIFY `id` int(11) NOT NULL AUTO_INCREMENT, AUTO_INCREMENT=86;

--
-- AUTO_INCREMENT for table `registers`
--
ALTER TABLE `registers`
  MODIFY `id` int(11) NOT NULL AUTO_INCREMENT, AUTO_INCREMENT=258;

--
-- AUTO_INCREMENT for table `users`
--
ALTER TABLE `users`
  MODIFY `id` int(11) NOT NULL AUTO_INCREMENT, AUTO_INCREMENT=26;
COMMIT;

/*!40101 SET CHARACTER_SET_CLIENT=@OLD_CHARACTER_SET_CLIENT */;
/*!40101 SET CHARACTER_SET_RESULTS=@OLD_CHARACTER_SET_RESULTS */;
/*!40101 SET COLLATION_CONNECTION=@OLD_COLLATION_CONNECTION */;
