-- phpMyAdmin SQL Dump
-- version 5.2.0
-- https://www.phpmyadmin.net/
--
-- Host: 127.0.0.1
-- Generation Time: May 15, 2023 at 05:30 PM
-- Server version: 10.4.27-MariaDB
-- PHP Version: 8.0.25

SET SQL_MODE = "NO_AUTO_VALUE_ON_ZERO";
START TRANSACTION;
SET time_zone = "+00:00";


/*!40101 SET @OLD_CHARACTER_SET_CLIENT=@@CHARACTER_SET_CLIENT */;
/*!40101 SET @OLD_CHARACTER_SET_RESULTS=@@CHARACTER_SET_RESULTS */;
/*!40101 SET @OLD_COLLATION_CONNECTION=@@COLLATION_CONNECTION */;
/*!40101 SET NAMES utf8mb4 */;

--
-- Database: `dangkiem`
--

-- --------------------------------------------------------

--
-- Table structure for table `cars`
--

CREATE TABLE `cars` (
  `id` int(11) NOT NULL,
  `driverId` int(11) DEFAULT NULL,
  `plateNumber` varchar(255) DEFAULT NULL,
  `manufacture` varchar(255) DEFAULT NULL,
  `model` varchar(255) DEFAULT NULL,
  `color` varchar(255) DEFAULT NULL,
  `registerDate` datetime DEFAULT NULL,
  `registerCity` varchar(255) DEFAULT NULL,
  `purpose` varchar(255) DEFAULT NULL,
  `createdAt` datetime NOT NULL,
  `updatedAt` datetime NOT NULL
) ENGINE=InnoDB DEFAULT CHARSET=utf8mb4 COLLATE=utf8mb4_general_ci;

--
-- Dumping data for table `cars`
--

INSERT INTO `cars` (`id`, `driverId`, `plateNumber`, `manufacture`, `model`, `color`, `registerDate`, `registerCity`, `purpose`, `createdAt`, `updatedAt`) VALUES
(1, 21, 'XYZ-5678', 'Honda', 'Civic', 'Red', '2022-07-06 00:00:00', 'Ho Chi Minh City', 'Personal', '2023-05-15 15:28:46', '2023-05-15 15:28:46'),
(2, 22, 'DEF-9012', 'Mazda', 'CX-5', 'Black', '2022-07-06 00:00:00', 'Hanoi', 'Business', '2023-05-15 15:28:46', '2023-05-15 15:28:46'),
(3, 23, 'GHI-3456', 'Ford', 'Focus', 'Blue', '2022-08-07 00:00:00', 'Da Nang', 'Personal', '2023-05-15 15:28:46', '2023-05-15 15:28:46'),
(4, 24, 'JKL-7890', 'Toyota', 'Corolla', 'White', '2022-07-06 00:00:00', 'Hanoi', 'Business', '2023-05-15 15:28:46', '2023-05-15 15:28:46'),
(5, 25, 'MNO-1234', 'Honda', 'Accord', 'Silver', '2022-07-14 00:00:00', 'Ho Chi Minh City', 'Personal', '2023-05-15 15:28:46', '2023-05-15 15:28:46'),
(6, 26, 'PQR-5678', 'Nissan', 'Altima', 'Black', '2022-07-17 00:00:00', 'Hanoi', 'Business', '2023-05-15 15:28:46', '2023-05-15 15:28:46'),
(7, 27, 'STU-9012', 'Hyundai', 'Sonata', 'Gray', '2022-07-22 00:00:00', 'Da Nang', 'Personal', '2023-05-15 15:28:46', '2023-05-15 15:28:46'),
(8, 28, 'VWX-3456', 'Toyota', 'Rav4', 'Blue', '2022-02-04 00:00:00', 'Hanoi', 'Business', '2023-05-15 15:28:46', '2023-05-15 15:28:46'),
(9, 29, 'YZA-7890', 'Honda', 'Pilot', 'White', '2022-01-19 00:00:00', 'Ho Chi Minh City', 'Personal', '2023-05-15 15:28:46', '2023-05-15 15:28:46'),
(10, 30, 'BCD-1234', 'Mitsubishi', 'Outlander', 'Silver', '2022-01-15 00:00:00', 'Hanoi', 'Business', '2023-05-15 15:28:46', '2023-05-15 15:28:46'),
(11, 31, 'EFG-5678', 'Toyota', 'Vios', 'Black', '2022-07-18 00:00:00', 'Ho Chi Minh City', 'Personal', '2023-05-15 15:28:46', '2023-05-15 15:28:46'),
(12, 32, 'HIJ-9012', 'Honda', 'City', 'Red', '2022-12-25 00:00:00', 'Hanoi', 'Business', '2023-05-15 15:28:46', '2023-05-15 15:28:46'),
(13, 33, 'KLM-3456', 'Ford', 'Ranger', 'Gray', '2022-11-28 00:00:00', 'Da Nang', 'Personal', '2023-05-15 15:28:46', '2023-05-15 15:28:46'),
(14, 34, 'NOP-7890', 'Mazda', '3', 'White', '2022-01-06 00:00:00', 'Hanoi', 'Business', '2023-05-15 15:28:46', '2023-05-15 15:28:46'),
(15, 35, 'QRS-1234', 'Toyota', 'Innova', 'Silver', '2022-01-14 00:00:00', 'Ho Chi Minh City', 'Personal', '2023-05-15 15:28:46', '2023-05-15 15:28:46'),
(16, 36, 'TUV-5678', 'Nissan', 'Sentra', 'Black', '2021-06-06 00:00:00', 'Hanoi', 'Business', '2023-05-15 15:28:46', '2023-05-15 15:28:46'),
(17, 37, 'WXY-9012', 'Hyundai', 'Tucson', 'Blue', '2020-07-06 00:00:00', 'Da Nang', 'Personal', '2023-05-15 15:28:46', '2023-05-15 15:28:46'),
(18, 18, 'ZAB-3456', 'Toyota', 'Fortuner', 'White', '2020-07-08 00:00:00', 'Hanoi', 'Business', '2023-05-15 15:28:46', '2023-05-15 15:28:46'),
(19, 19, 'CDE-7890', 'Honda', 'Fit', 'Red', '2019-07-06 00:00:00', 'Ho Chi Minh City', 'Personal', '2023-05-15 15:28:46', '2023-05-15 15:28:46'),
(20, 20, 'FGH-1234', 'Mitsubishi', 'Xpander', 'Silver', '2018-07-06 00:00:00', 'Hanoi', 'Business', '2023-05-15 15:28:46', '2023-05-15 15:28:46'),
(21, 41, 'IJK-5678', 'Toyota', 'Corolla', 'Black', '2018-09-06 00:00:00', 'Ho Chi Minh City', 'Personal', '2023-05-15 15:28:46', '2023-05-15 15:28:46'),
(22, 50, 'LMN-9012', 'Ford', 'Explorer', 'Blue', '2021-09-06 00:00:00', 'Hanoi', 'Business', '2023-05-15 15:28:46', '2023-05-15 15:28:46'),
(23, 38, 'OPQ-3456', 'Hyundai', 'Accent', 'Gray', '2021-12-25 00:00:00', 'Da Nang', 'Personal', '2023-05-15 15:28:46', '2023-05-15 15:28:46'),
(24, 39, 'RST-7890', 'Kia', 'Sorento', 'White', '2017-07-06 00:00:00', 'Hanoi', 'Business', '2023-05-15 15:28:46', '2023-05-15 15:28:46'),
(25, 40, 'UVW-1234', 'Mazda', 'CX-5', 'Red', '2019-01-09 00:00:00', 'Ho Chi Minh City', 'Personal', '2023-05-15 15:28:46', '2023-05-15 15:28:46'),
(26, 42, 'XYZ-5978', 'Toyota', 'Yaris', 'Silver', '2021-07-03 00:00:00', 'Hanoi', 'Business', '2023-05-15 15:28:46', '2023-05-15 15:28:46'),
(27, 43, 'ABC-9012', 'Honda', 'Civic', 'Black', '2021-03-07 00:00:00', 'Da Nang', 'Personal', '2023-05-15 15:28:46', '2023-05-15 15:28:46'),
(28, 44, 'DEF-3456', 'Nissan', 'Kicks', 'Blue', '2021-03-22 00:00:00', 'Hanoi', 'Business', '2023-05-15 15:28:46', '2023-05-15 15:28:46'),
(29, 45, 'GHI-7890', 'Hyundai', 'Santa Fe', 'White', '2021-04-18 00:00:00', 'Ho Chi Minh City', 'Personal', '2023-05-15 15:28:46', '2023-05-15 15:28:46'),
(30, 46, 'JKL-1234', 'Toyota', 'RAV4', 'Gray', '2020-01-14 00:00:00', 'Hanoi', 'Business', '2023-05-15 15:28:46', '2023-05-15 15:28:46'),
(31, 47, 'MNO-5678', 'Honda', 'Accord', 'Red', '2022-07-06 00:00:00', 'Ho Chi Minh City', 'Personal', '2023-05-15 15:28:46', '2023-05-15 15:28:46'),
(32, 48, 'PQR-9012', 'Mazda', 'CX-5', 'Black', '2022-07-06 00:00:00', 'Hanoi', 'Business', '2023-05-15 15:28:46', '2023-05-15 15:28:46'),
(33, 49, 'STU-3456', 'Ford', 'Focus', 'Blue', '2022-08-07 00:00:00', 'Da Nang', 'Personal', '2023-05-15 15:28:46', '2023-05-15 15:28:46'),
(34, 50, 'VWX-7890', 'Toyota', 'Corolla', 'White', '2022-07-06 00:00:00', 'Hanoi', 'Business', '2023-05-15 15:28:46', '2023-05-15 15:28:46'),
(35, 1, 'YZA-1234', 'Honda', 'Civic', 'Silver', '2022-07-14 00:00:00', 'Ho Chi Minh City', 'Personal', '2023-05-15 15:28:46', '2023-05-15 15:28:46'),
(36, 2, 'BCD-5678', 'Nissan', 'Altima', 'Black', '2022-07-17 00:00:00', 'Hanoi', 'Business', '2023-05-15 15:28:46', '2023-05-15 15:28:46'),
(37, 3, 'DEF-9012', 'Hyundai', 'Sonata', 'Gray', '2022-07-22 00:00:00', 'Da Nang', 'Personal', '2023-05-15 15:28:46', '2023-05-15 15:28:46'),
(38, 4, 'GHI-3456', 'Toyota', 'Rav4', 'Blue', '2022-02-04 00:00:00', 'Hanoi', 'Business', '2023-05-15 15:28:46', '2023-05-15 15:28:46'),
(39, 5, 'JKL-7890', 'Honda', 'Pilot', 'White', '2022-01-19 00:00:00', 'Ho Chi Minh City', 'Personal', '2023-05-15 15:28:46', '2023-05-15 15:28:46'),
(40, 6, 'MNO-1234', 'Mitsubishi', 'Outlander', 'Silver', '2022-01-15 00:00:00', 'Hanoi', 'Business', '2023-05-15 15:28:46', '2023-05-15 15:28:46'),
(41, 7, 'PQR-5678', 'Toyota', 'Vios', 'Black', '2022-07-18 00:00:00', 'Ho Chi Minh City', 'Personal', '2023-05-15 15:28:46', '2023-05-15 15:28:46'),
(42, 8, 'STU-9012', 'Honda', 'City', 'Red', '2022-12-25 00:00:00', 'Hanoi', 'Business', '2023-05-15 15:28:46', '2023-05-15 15:28:46'),
(43, 9, 'VWX-3456', 'Ford', 'Ranger', 'Gray', '2022-11-28 00:00:00', 'Da Nang', 'Personal', '2023-05-15 15:28:46', '2023-05-15 15:28:46'),
(44, 10, 'YZA-7890', 'Mazda', '3', 'White', '2022-01-06 00:00:00', 'Hanoi', 'Business', '2023-05-15 15:28:46', '2023-05-15 15:28:46'),
(45, 11, 'ABC-1234', 'Toyota', 'Innova', 'Silver', '2022-01-14 00:00:00', 'Ho Chi Minh City', 'Personal', '2023-05-15 15:28:46', '2023-05-15 15:28:46'),
(46, 12, 'BCD-5678', 'Nissan', 'Sentra', 'Black', '2021-06-06 00:00:00', 'Hanoi', 'Business', '2023-05-15 15:28:46', '2023-05-15 15:28:46'),
(47, 13, 'CDE-9012', 'Hyundai', 'Tucson', 'Blue', '2020-07-06 00:00:00', 'Da Nang', 'Personal', '2023-05-15 15:28:46', '2023-05-15 15:28:46'),
(48, 14, 'DEF-3456', 'Toyota', 'Fortuner', 'White', '2020-07-08 00:00:00', 'Hanoi', 'Business', '2023-05-15 15:28:46', '2023-05-15 15:28:46'),
(49, 15, 'EFG-7890', 'Honda', 'Fit', 'Red', '2019-07-06 00:00:00', 'Ho Chi Minh City', 'Personal', '2023-05-15 15:28:46', '2023-05-15 15:28:46'),
(50, 16, 'FGH-1234', 'Mitsubishi', 'Xpander', 'Silver', '2018-07-06 00:00:00', 'Hanoi', 'Business', '2023-05-15 15:28:46', '2023-05-15 15:28:46'),
(51, 17, 'GHI-5678', 'Toyota', 'Corolla', 'Black', '2018-09-06 00:00:00', 'Ho Chi Minh City', 'Personal', '2023-05-15 15:28:46', '2023-05-15 15:28:46'),
(52, 1, 'HIJ-9012', 'Ford', 'Explorer', 'Blue', '2021-09-06 00:00:00', 'Hanoi', 'Business', '2023-05-15 15:28:46', '2023-05-15 15:28:46'),
(53, 2, 'IJK-3456', 'Hyundai', 'Accent', 'Gray', '2021-12-25 00:00:00', 'Da Nang', 'Personal', '2023-05-15 15:28:46', '2023-05-15 15:28:46'),
(54, 3, 'JKL-7890', 'Kia', 'Sorento', 'White', '2017-07-06 00:00:00', 'Hanoi', 'Business', '2023-05-15 15:28:46', '2023-05-15 15:28:46'),
(55, 4, 'KLM-1234', 'Mazda', 'CX-5', 'Red', '2019-01-09 00:00:00', 'Ho Chi Minh City', 'Personal', '2023-05-15 15:28:46', '2023-05-15 15:28:46'),
(56, 5, 'LMN-5678', 'Toyota', 'Yaris', 'Silver', '2021-07-03 00:00:00', 'Hanoi', 'Business', '2023-05-15 15:28:46', '2023-05-15 15:28:46'),
(57, 6, 'MNO-9012', 'Honda', 'Civic', 'Black', '2021-03-07 00:00:00', 'Da Nang', 'Personal', '2023-05-15 15:28:46', '2023-05-15 15:28:46'),
(58, 7, 'OPQ-3456', 'Nissan', 'Kicks', 'Blue', '2021-03-22 00:00:00', 'Hanoi', 'Business', '2023-05-15 15:28:46', '2023-05-15 15:28:46'),
(59, 8, 'PQR-7890', 'Hyundai', 'Santa Fe', 'White', '2021-04-18 00:00:00', 'Ho Chi Minh City', 'Personal', '2023-05-15 15:28:46', '2023-05-15 15:28:46'),
(60, 9, 'QRS-1234', 'Toyota', 'RAV4', 'Gray', '2020-01-14 00:00:00', 'Hanoi', 'Business', '2023-05-15 15:28:46', '2023-05-15 15:28:46'),
(61, 10, 'RST-5678', 'Honda', 'Civic', 'Silver', '2020-01-15 00:00:00', 'Da Nang', 'Personal', '2023-05-15 15:28:46', '2023-05-15 15:28:46'),
(62, 11, 'STU-9012', 'Mazda', '3', 'Black', '2020-02-04 00:00:00', 'Hanoi', 'Business', '2023-05-15 15:28:46', '2023-05-15 15:28:46'),
(63, 12, 'TUV-3456', 'Toyota', 'Corolla', 'Blue', '2019-07-18 00:00:00', 'Ho Chi Minh City', 'Personal', '2023-05-15 15:28:46', '2023-05-15 15:28:46'),
(64, 13, 'UVW-7890', 'Ford', 'Escape', 'White', '2019-09-19 00:00:00', 'Da Nang', 'Business', '2023-05-15 15:28:46', '2023-05-15 15:28:46'),
(65, 14, 'VWX-1234', 'Honda', 'Accord', 'Red', '2019-11-06 00:00:00', 'Hanoi', 'Personal', '2023-05-15 15:28:46', '2023-05-15 15:28:46'),
(66, 15, 'WXY-5678', 'Toyota', 'Camry', 'Black', '2018-07-17 00:00:00', 'Ho Chi Minh City', 'Business', '2023-05-15 15:28:46', '2023-05-15 15:28:46'),
(67, 16, 'XYZ-9012', 'Mazda', 'CX-9', 'Gray', '2018-08-07 00:00:00', 'Hanoi', 'Personal', '2023-05-15 15:28:46', '2023-05-15 15:28:46'),
(68, 17, 'YZA-3456', 'Honda', 'Pilot', 'White', '2017-02-04 00:00:00', 'Da Nang', 'Business', '2023-05-15 15:28:46', '2023-05-15 15:28:46'),
(69, 1, 'ZAB-7890', 'Toyota', 'Innova', 'Silver', '2017-01-19 00:00:00', 'Ho Chi Minh City', 'Personal', '2023-05-15 15:28:46', '2023-05-15 15:28:46'),
(70, 2, 'ABC-1234', 'Nissan', 'Altima', 'Black', '2016-06-30 00:00:00', 'Hanoi', 'Business', '2023-05-15 15:28:46', '2023-05-15 15:28:46'),
(81, 6, 'UVW-3456', 'Toyota', 'Corolla', 'White', '2021-11-28 00:00:00', 'Tokyo', 'Personal', '2023-05-25 10:30:00', '2023-05-25 10:30:00'),
(82, 11, 'RST-7890', 'Nissan', 'Altima', 'Silver', '2022-06-14 00:00:00', 'Los Angeles', 'Business', '2023-05-25 10:30:00', '2023-05-25 10:30:00'),
(83, 17, 'HIJ-2345', 'Ford', 'Escape', 'Black', '2022-02-05 00:00:00', 'Chicago', 'Personal', '2023-05-25 10:30:00', '2023-05-25 10:30:00'),
(84, 13, 'XYZ-6789', 'Honda', 'Accord', 'Red', '2021-08-18 00:00:00', 'New York City', 'Business', '2023-05-25 10:30:00', '2023-05-25 10:30:00'),
(85, 4, 'JKL-0123', 'Chevrolet', 'Cruze', 'Blue', '2022-03-03 00:00:00', 'London', 'Personal', '2023-05-25 10:30:00', '2023-05-25 10:30:00'),
(86, 15, 'PQR-3456', 'BMW', '3 Series', 'Gray', '2021-12-23 00:00:00', 'Berlin', 'Business', '2023-05-25 10:30:00', '2023-05-25 10:30:00'),
(87, 8, 'MNO-7890', 'Audi', 'Q5', 'Black', '2022-05-08 00:00:00', 'Paris', 'Personal', '2023-05-25 10:30:00', '2023-05-25 10:30:00'),
(88, 12, 'VWX-2345', 'Mercedes-Benz', 'E-Class', 'Silver', '2022-10-01 00:00:00', 'San Francisco', 'Business', '2023-05-25 10:30:00', '2023-05-25 10:30:00'),
(89, 14, 'GHI-6789', 'Tesla', 'Model S', 'White', '2021-07-12 00:00:00', 'Tokyo', 'Personal', '2023-05-25 10:30:00', '2023-05-25 10:30:00'),
(90, 3, 'DEF-0123', 'Volkswagen', 'Jetta', 'Black', '2022-04-28 00:00:00', 'Seoul', 'Business', '2023-05-25 10:30:00', '2023-05-25 10:30:00'),
(91, 14, 'UVW-3456', 'Toyota', 'Camry', 'Silver', '2022-12-12 00:00:00', 'Los Angeles', 'Personal', '2023-05-25 10:30:00', '2023-05-25 10:30:00'),
(92, 10, 'RST-7890', 'Nissan', 'Maxima', 'Red', '2022-07-29 00:00:00', 'Chicago', 'Business', '2023-05-25 10:30:00', '2023-05-25 10:30:00'),
(93, 11, 'HIJ-2345', 'Ford', 'Fusion', 'White', '2022-03-20 00:00:00', 'New York City', 'Personal', '2023-05-25 10:30:00', '2023-05-25 10:30:00'),
(94, 5, 'XYZ-6789', 'Honda', 'Civic', 'Black', '2021-09-02 00:00:00', 'London', 'Business', '2023-05-25 10:30:00', '2023-05-25 10:30:00'),
(95, 16, 'JKL-0123', 'Chevrolet', 'Malibu', 'Silver', '2022-04-17 00:00:00', 'Berlin', 'Personal', '2023-05-25 10:30:00', '2023-05-25 10:30:00'),
(96, 9, 'PQR-3456', 'BMW', '5 Series', 'Blue', '2022-01-06 00:00:00', 'Paris', 'Business', '2023-05-25 10:30:00', '2023-05-25 10:30:00'),
(97, 2, 'MNO-7890', 'Audi', 'A4', 'Gray', '2022-05-22 00:00:00', 'San Francisco', 'Personal', '2023-05-25 10:30:00', '2023-05-25 10:30:00'),
(98, 7, 'VWX-2345', 'Mercedes-Benz', 'C-Class', 'Black', '2022-10-15 00:00:00', 'Tokyo', 'Business', '2023-05-25 10:30:00', '2023-05-25 10:30:00'),
(99, 20, 'GHI-6789', 'Tesla', 'Model 3', 'Silver', '2021-08-28 00:00:00', 'Seoul', 'Personal', '2023-05-25 10:30:00', '2023-05-25 10:30:00'),
(100, 1, 'DEF-0123', 'Volkswagen', 'Passat', 'White', '2022-04-03 00:00:00', 'Los Angeles', 'Business', '2023-05-25 10:30:00', '2023-05-25 10:30:00'),
(101, 11, 'UVW-3456', 'Toyota', 'Corolla', 'Red', '2022-12-31 00:00:00', 'Chicago', 'Personal', '2023-05-25 10:30:00', '2023-05-25 10:30:00'),
(102, 17, 'RST-7890', 'Nissan', 'Altima', 'White', '2022-08-17 00:00:00', 'New York City', 'Business', '2023-05-25 10:30:00', '2023-05-25 10:30:00'),
(103, 13, 'HIJ-2345', 'Ford', 'Escape', 'Black', '2022-04-07 00:00:00', 'London', 'Personal', '2023-05-25 10:30:00', '2023-05-25 10:30:00'),
(104, 4, 'XYZ-6789', 'Honda', 'Accord', 'Silver', '2021-09-21 00:00:00', 'Berlin', 'Business', '2023-05-25 10:30:00', '2023-05-25 10:30:00'),
(105, 15, 'JKL-0123', 'Chevrolet', 'Cruze', 'Blue', '2022-05-06 00:00:00', 'Paris', 'Personal', '2023-05-25 10:30:00', '2023-05-25 10:30:00'),
(106, 8, 'PQR-3456', 'BMW', '3 Series', 'Black', '2021-12-26 00:00:00', 'San Francisco', 'Business', '2023-05-25 10:30:00', '2023-05-25 10:30:00'),
(107, 12, 'MNO-7890', 'Audi', 'Q5', 'Gray', '2022-10-08 00:00:00', 'Tokyo', 'Personal', '2023-05-25 10:30:00', '2023-05-25 10:30:00'),
(108, 14, 'VWX-2345', 'Mercedes-Benz', 'E-Class', 'Silver', '2022-05-01 00:00:00', 'Seoul', 'Business', '2023-05-25 10:30:00', '2023-05-25 10:30:00'),
(109, 3, 'GHI-6789', 'Tesla', 'Model S', 'White', '2021-08-13 00:00:00', 'Los Angeles', 'Personal', '2023-05-25 10:30:00', '2023-05-25 10:30:00'),
(110, 14, 'DEF-0123', 'Volkswagen', 'Jetta', 'Black', '2022-04-30 00:00:00', 'Chicago', 'Business', '2023-05-25 10:30:00', '2023-05-25 10:30:00');


-- --------------------------------------------------------

--
-- Table structure for table `drivers`
--

CREATE TABLE `drivers` (
  `id` int(11) NOT NULL,
  `driverName` varchar(255) DEFAULT NULL,
  `dateOfBirth` date DEFAULT NULL,
  `address` varchar(255) DEFAULT NULL,
  `phoneNumber` varchar(255) DEFAULT NULL,
  `createdAt` datetime NOT NULL,
  `updatedAt` datetime NOT NULL
) ENGINE=InnoDB DEFAULT CHARSET=utf8mb4 COLLATE=utf8mb4_general_ci;

--
-- Dumping data for table `drivers`
--

INSERT INTO `drivers` (`id`, `driverName`, `dateOfBirth`, `address`, `phoneNumber`, `createdAt`, `updatedAt`) VALUES
(1, 'Nguyễn Thành Long', '1990-01-15', 'Số 5, đường Nguyễn Du, phường 7, quận 3, TP. HCM', '0901111222', '2023-05-15 15:28:46', '2023-05-15 15:28:46'),
(2, 'Trần Thị Mai', '1995-03-20', 'Số 15, đường Nguyễn Huệ, phường Bến Nghé, quận 1, TP. HCM', '0902222333', '2023-05-15 15:28:46', '2023-05-15 15:28:46'),
(3, 'Lê Văn An', '1988-05-25', 'Số 8, đường Ngô Tất Tố, phường 22, quận Bình Thạnh, TP. HCM', '0903333444', '2023-05-15 15:28:46', '2023-05-15 15:28:46'),
(4, 'Phạm Văn Đông', '1992-06-10', 'Số 12, đường Lê Thánh Tôn, phường Bến Nghé, quận 1, TP. HCM', '0904444555', '2023-05-15 15:28:46', '2023-05-15 15:28:46'),
(5, 'Ngô Thị Thanh', '1985-09-05', 'Số 20, đường Nam Kỳ Khởi Nghĩa, phường Bến Nghé, quận 1, TP. HCM', '0905555666', '2023-05-15 15:28:46', '2023-05-15 15:28:46'),
(6, 'Vũ Thị Ngọc', '1998-12-31', 'Số 30, đường Trần Hưng Đạo, phường Cầu Ông Lãnh, quận 1, TP. HCM', '0906666777', '2023-05-15 15:28:46', '2023-05-15 15:28:46'),
(7, 'Nguyễn Văn Huy', '1991-02-14', 'Số 25, đường Cách Mạng Tháng 8, phường 7, quận 3, TP. HCM', '0907777888', '2023-05-15 15:28:46', '2023-05-15 15:28:46'),
(8, 'Lê Thị Hồng', '1983-04-28', 'Số 10, đường Nguyễn Cư Trinh, phường Phạm Ngũ Lão, quận 1, TP. HCM', '0908888999', '2023-05-15 15:28:46', '2023-05-15 15:28:46'),
(9, 'Trần Văn Tài', '1994-07-02', 'Số 35, đường Điện Biên Phủ, phường 17, quận Bình Thạnh, TP. HCM', '0909999000', '2023-05-15 15:28:46', '2023-05-15 15:28:46'),
(10, 'Trần Thị Bình', '1993-02-15', 'Số 10, đường Nguyễn Trãi, phường Thanh Xuân, quận Thanh Xuân, Hà Nội', '0915555666', '2023-05-15 15:28:46', '2023-05-15 15:28:46'),
(11, 'Phạm Văn Cấn', '1988-05-05', 'Số 15, đường Lê Duẩn, phường Mỹ Đình, quận Nam Từ Liêm, Hà Nội', '0902222777', '2023-05-15 15:28:46', '2023-05-15 15:28:46'),
(12, 'Đỗ Thị Danh', '1997-11-12', 'Số 3, đường Lý Thường Kiệt, phường Lê Lợi, quận Hải Châu, Đà Nẵng', '0988888999', '2023-05-15 15:28:46', '2023-05-15 15:28:46'),
(13, 'Lê Văn Quyền', '1990-09-01', 'Số 12, đường Ngô Quyền, phường Ngô Quyền, quận Hải Phòng, Hải Phòng', '0936666777', '2023-05-15 15:28:46', '2023-05-15 15:28:46'),
(14, 'Trần Văn Diệu', '1985-04-30', 'Số 5, đường Hoàng Diệu, phường Thanh Bình, quận Hải Châu, Đà Nẵng', '0967777888', '2023-05-15 15:28:46', '2023-05-15 15:28:46'),
(15, 'Nguyễn Thị Vương', '1992-07-09', 'Số 6, đường Hùng Vương, phường Hải Châu 1, quận Hải Châu, Đà Nẵng', '0974444555', '2023-05-15 15:28:46', '2023-05-15 15:28:46'),
(16, 'Trần Văn Lợi', '1994-12-25', 'Số 8, đường Lê Lợi, phường Thanh Bình, quận Hải Châu, Đà Nẵng', '0983333444', '2023-05-15 15:28:46', '2023-05-15 15:28:46'),
(17, 'Nguyễn Văn Huệ', '1989-10-17', 'Số 7, đường Nguyễn Huệ, phường Phú Hội, quận Huế, Thừa Thiên Huế', '0914444555', '2023-05-15 15:28:46', '2023-05-15 15:28:46'),
(18, 'Trần Thị Minh', '1996-08-10', 'Số 25, đường Lý Thái Tổ, phường 7, quận 3, TP. HCM', '0901111222', '2023-05-25 10:30:00', '2023-05-25 10:30:00'),
(19, 'Lê Văn Bình', '1991-09-20', 'Số 35, đường Nguyễn Huệ, phường Bến Nghé, quận 1, TP. HCM', '0902222333', '2023-05-25 10:30:00', '2023-05-25 10:30:00'),
(20, 'Phạm Thị Ngân', '1987-11-25', 'Số 15, đường Ngô Tất Tố, phường 22, quận Bình Thạnh, TP. HCM', '0903333444', '2023-05-25 10:30:00', '2023-05-25 10:30:00'),
(21, 'Nguyễn Văn Đức', '1993-12-10', 'Số 12, đường Lê Thánh Tôn, phường Bến Nghé, quận 1, TP. HCM', '0904444555', '2023-05-25 10:30:00', '2023-05-25 10:30:00'),
(22, 'Trần Thị Hương', '1986-05-05', 'Số 20, đường Nam Kỳ Khởi Nghĩa, phường Bến Nghé, quận 1, TP. HCM', '0905555666', '2023-05-25 10:30:00', '2023-05-25 10:30:00'),
(23, 'Lê Thị Thủy', '1999-06-30', 'Số 30, đường Trần Hưng Đạo, phường Cầu Ông Lãnh, quận 1, TP. HCM', '0906666777', '2023-05-25 10:30:00', '2023-05-25 10:30:00'),
(24, 'Nguyễn Văn Tuấn', '1992-09-14', 'Số 25, đường Cách Mạng Tháng 8, phường 7, quận 3, TP. HCM', '0907777888', '2023-05-25 10:30:00', '2023-05-25 10:30:00'),
(25, 'Phạm Thị Hạnh', '1984-11-28', 'Số 10, đường Nguyễn Cư Trinh, phường Phạm Ngũ Lão, quận 1, TP. HCM', '0908888999', '2023-05-25 10:30:00', '2023-05-25 10:30:00'),
(26, 'Lê Văn Tâm', '1995-02-02', 'Số 35, đường Điện Biên Phủ, phường 17, quận Bình Thạnh, TP. HCM', '0909999000', '2023-05-25 10:30:00', '2023-05-25 10:30:00'),
(27, 'Trần Thị Lan', '1994-08-15', 'Số 10, đường Nguyễn Trãi, phường Thanh Xuân, quận Thanh Xuân, Hà Nội', '0915555666', '2023-05-25 10:30:00', '2023-05-25 10:30:00'),
(28, 'Phạm Văn Cường', '1989-05-05', 'Số 15, đường Lê Duẩn, phường Mỹ Đình, quận Nam Từ Liêm, Hà Nội', '0902222777', '2023-05-25 10:30:00', '2023-05-25 10:30:00'),
(29, 'Đỗ Thị Thanh', '1998-12-11', 'Số 3, đường Lý Thường Kiệt, phường Lê Lợi, quận Hải Châu, Đà Nẵng', '0988888999', '2023-05-25 10:30:00', '2023-05-25 10:30:00'),
(30, 'Lê Văn Hải', '1991-09-01', 'Số 12, đường Ngô Quyền, phường Ngô Quyền, quận Hải Phòng, Hải Phòng', '0936666777', '2023-05-25 10:30:00', '2023-05-25 10:30:00'),
(31, 'Trần Văn Quang', '1986-04-10', 'Số 5, đường Hoàng Diệu, phường Thanh Bình, quận Hải Châu, Đà Nẵng', '0967777888', '2023-05-25 10:30:00', '2023-05-25 10:30:00'),
(32, 'Nguyễn Thị Hằng', '1993-07-19', 'Số 6, đường Hùng Vương, phường Hải Châu 1, quận Hải Châu, Đà Nẵng', '0974444555', '2023-05-25 10:30:00', '2023-05-25 10:30:00'),
(33, 'Trần Văn Hoàng', '1995-12-25', 'Số 8, đường Lê Lợi, phường Thanh Bình, quận Hải Châu, Đà Nẵng', '0983333444', '2023-05-25 10:30:00', '2023-05-25 10:30:00'),
(34, 'Nguyễn Văn Tú', '1990-10-17', 'Số 7, đường Nguyễn Huệ, phường Phú Hội, quận Huế, Thừa Thiên Huế', '0914444555', '2023-05-25 10:30:00', '2023-05-25 10:30:00'),
(35, 'Phạm Thị Thu', '1996-11-30', 'Số 10, đường Đống Đa, phường Đống Đa, quận Hà Đông, Hà Nội', '0917777888', '2023-05-25 10:30:00', '2023-05-25 10:30:00'),
(36, 'Lê Văn Thắng', '1991-06-08', 'Số 15, đường Nguyễn Văn Cừ, phường 4, quận 5, TP. HCM', '0918888999', '2023-05-25 10:30:00', '2023-05-25 10:30:00'),
(37, 'Trần Văn Tài', '1987-09-02', 'Số 30, đường Trần Phú, phường 2, quận 5, TP. HCM', '0919999000', '2023-05-25 10:30:00', '2023-05-25 10:30:00'),
(38, 'Nguyễn Thị Hạnh', '1993-02-15', 'Số 20, đường Bà Huyện Thanh Quan, phường 6, quận 3, TP. HCM', '0925555666', '2023-05-25 10:30:00', '2023-05-25 10:30:00'),
(39, 'Phạm Văn Sơn', '1988-07-05', 'Số 25, đường Võ Thị Sáu, phường Tân Định, quận 1, TP. HCM', '0926666777', '2023-05-25 10:30:00', '2023-05-25 10:30:00'),
(40, 'Nguyễn Thị Thanh', '1994-09-21', 'Số 35, đường Điện Biên Phủ, phường Đa Kao, quận 1, TP. HCM', '0927777888', '2023-05-25 10:30:00', '2023-05-25 10:30:00'),
(41, 'Trần Văn Lương', '1989-03-12', 'Số 10, đường Lê Văn Sỹ, phường 1, quận Tân Bình, TP. HCM', '0928888999', '2023-05-25 10:30:00', '2023-05-25 10:30:00'),
(42, 'Lê Thị Thủy', '1995-10-06', 'Số 15, đường Hoàng Hoa Thám, phường 12, quận Tân Bình, TP. HCM', '0929999000', '2023-05-25 10:30:00', '2023-05-25 10:30:00'),
(43, 'Nguyễn Văn Hoa', '1992-05-16', 'Số 20, đường Nguyễn Tri Phương, phường 5, quận 10, TP. HCM', '0934444555', '2023-05-25 10:30:00', '2023-05-25 10:30:00'),
(44, 'Trần Thị Ngọc', '1997-08-25', 'Số 25, đường Huỳnh Mẫn Đạt, phường Bến Nghé, quận 1, TP. HCM', '0935555666', '2023-05-25 10:30:00', '2023-05-25 10:30:00'),
(45, 'Phạm Văn Hiền', '1990-11-29', 'Số 30, đường Tôn Đức Thắng, phường Phạm Ngũ Lão, quận 1, TP. HCM', '0936666777', '2023-05-25 10:30:00', '2023-05-25 10:30:00'),
(46, 'Nguyễn Thị Thuỷ', '1993-12-10', 'Số 35, đường Nguyễn Đình Chiểu, phường 6, quận 3, TP. HCM', '0937777888', '2023-05-25 10:30:00', '2023-05-25 10:30:00'),
(47, 'Trần Văn Tâm', '1985-06-30', 'Số 12, đường Nguyễn Thị Minh Khai, phường 5, quận 3, TP. HCM', '0938888999', '2023-05-25 10:30:00', '2023-05-25 10:30:00'),
(48, 'Lê Thị Kim', '1998-09-14', 'Số 20, đường Lê Duẩn, phường 2, quận 1, TP. HCM', '0939999000', '2023-05-25 10:30:00', '2023-05-25 10:30:00'),
(49, 'Nguyễn Văn Tài', '1986-11-28', 'Số 25, đường Nguyễn Văn Cừ, phường An Hải Bắc, quận Sơn Trà, Đà Nẵng', '0945555666', '2023-05-25 10:30:00', '2023-05-25 10:30:00'),
(50, 'Phạm Thị Lan', '1991-02-02', 'Số 30, đường Hàn Thuyên, phường Xuân Hà, quận Thanh Khê, Đà Nẵng', '0946666777', '2023-05-25 10:30:00', '2023-05-25 10:30:00');

-- --------------------------------------------------------

--
-- Table structure for table `registers`
--

CREATE TABLE `registers` (
  `id` int(11) NOT NULL,
  `userId` varchar(255) DEFAULT NULL,
  `carId` varchar(255) DEFAULT NULL,
  `registerDate` date DEFAULT NULL,
  `expireDate` date DEFAULT NULL,
  `createdAt` datetime NOT NULL,
  `updatedAt` datetime NOT NULL
) ENGINE=InnoDB DEFAULT CHARSET=utf8mb4 COLLATE=utf8mb4_general_ci;

--
-- Dumping data for table `registers`
--

INSERT INTO `registers` (`id`, `userId`, `carId`, `registerDate`, `expireDate`, `createdAt`, `updatedAt`) VALUES
(1, '2', '1', '2022-06-02', '2023-06-02', '2023-05-15 15:28:46', '2023-05-15 15:28:46'),
(2, '2', '2', '2022-09-05', '2023-09-05', '2023-05-15 15:28:46', '2023-05-15 15:28:46'),
(3, '2', '3', '2023-10-26', '2023-10-26', '2023-05-15 15:28:46', '2023-05-15 15:28:46'),
(4, '2', '4', '2023-10-26', '2023-10-26', '2023-05-15 15:28:46', '2023-05-15 15:28:46'),
(5, '2', '5', '2023-11-09', '2023-11-09', '2023-05-15 15:28:46', '2023-05-15 15:28:46'),
(6, '2', '6', '2022-05-06', '2023-05-06', '2023-05-15 15:28:46', '2023-05-15 15:28:46'),
(7, '2', '7', '2022-12-19', '2023-12-19', '2023-05-15 15:28:46', '2023-05-15 15:28:46'),
(8, '2', '8', '2022-11-30', '2023-11-30', '2023-05-15 15:28:46', '2023-05-15 15:28:46'),
(9, '2', '9', '2022-07-10', '2023-07-10', '2023-05-15 15:28:46', '2023-05-15 15:28:46'),
(10, '2', '10', '2022-06-13', '2023-06-13', '2023-05-15 15:28:46', '2023-05-15 15:28:46'),
(11, '2', '11', '2022-08-07', '2023-08-07', '2023-05-15 15:28:46', '2023-05-15 15:28:46'),
(12, '2', '12', '2022-10-14', '2023-10-14', '2023-05-15 15:28:46', '2023-05-15 15:28:46'),
(13, '2', '13', '2022-11-20', '2023-11-20', '2023-05-15 15:28:46', '2023-05-15 15:28:46'),
(14, '2', '14', '2022-09-24', '2023-09-24', '2023-05-15 15:28:46', '2023-05-15 15:28:46'),
(15, '2', '15', '2022-04-20', '2023-04-20', '2023-05-15 15:28:46', '2023-05-15 15:28:46'),
(16, '2', '16', '2022-09-06', '2023-09-06', '2023-05-15 15:28:46', '2023-05-15 15:28:46'),
(17, '2', '17', '2022-08-08', '2023-08-08', '2023-05-15 15:28:46', '2023-05-15 15:28:46'),
(18, '2', '18', '2022-11-05', '2023-11-05', '2023-05-15 15:28:46', '2023-05-15 15:28:46'),
(19, '2', '19', '2022-04-21', '2023-04-21', '2023-05-15 15:28:46', '2023-05-15 15:28:46'),
(20, '2', '20', '2022-07-18', '2023-07-18', '2023-05-15 15:28:46', '2023-05-15 15:28:46'),
(21, '2', '21', '2022-05-21', '2023-05-21', '2023-05-15 15:28:46', '2023-05-15 15:28:46'),
(22, '2', '22', '2022-12-06', '2023-12-06', '2023-05-15 15:28:46', '2023-05-15 15:28:46'),
(23, '2', '23', '2022-10-29', '2023-10-29', '2023-05-15 15:28:46', '2023-05-15 15:28:46'),
(24, '2', '24', '2022-03-20', '2023-03-20', '2023-05-15 15:28:46', '2023-05-15 15:28:46'),
(25, '2', '25', '2022-05-24', '2023-05-24', '2023-05-15 15:28:46', '2023-05-15 15:28:46'),
(26, '2', '26', '2022-10-13', '2023-10-13', '2023-05-15 15:28:46', '2023-05-15 15:28:46'),
(27, '2', '27', '2022-06-17', '2023-06-17', '2023-05-15 15:28:46', '2023-05-15 15:28:46'),
(28, '2', '28', '2022-06-20', '2023-06-20', '2023-05-15 15:28:46', '2023-05-15 15:28:46'),
(29, '2', '29', '2022-08-28', '2023-08-28', '2023-05-15 15:28:46', '2023-05-15 15:28:46'),
(30, '2', '30', '2022-09-30', '2023-09-30', '2023-05-15 15:28:46', '2023-05-15 15:28:46'),
(31, '3', '31', '2023-01-05', DATE_ADD('2023-01-05', INTERVAL FLOOR(RAND() * 365) + 1 DAY), '2023-05-25 09:12:30', '2023-05-25 09:12:30'),
(32, '3', '32', '2022-12-10', DATE_ADD('2022-12-10', INTERVAL FLOOR(RAND() * 365) + 1 DAY), '2023-05-25 09:12:30', '2023-05-25 09:12:30'),
(33, '3', '33', '2022-11-15', DATE_ADD('2022-11-15', INTERVAL FLOOR(RAND() * 365) + 1 DAY), '2023-05-25 09:12:30', '2023-05-25 09:12:30'),
(34, '3', '34', '2023-02-20', DATE_ADD('2023-02-20', INTERVAL FLOOR(RAND() * 365) + 1 DAY), '2023-05-25 09:12:30', '2023-05-25 09:12:30'),
(35, '3', '35', '2022-10-25', DATE_ADD('2022-10-25', INTERVAL FLOOR(RAND() * 365) + 1 DAY), '2023-05-25 09:12:30', '2023-05-25 09:12:30'),
(36, '3', '36', '2023-03-02', DATE_ADD('2023-03-02', INTERVAL FLOOR(RAND() * 365) + 1 DAY), '2023-05-25 09:12:30', '2023-05-25 09:12:30'),
(37, '3', '37', '2022-09-07', DATE_ADD('2022-09-07', INTERVAL FLOOR(RAND() * 365) + 1 DAY), '2023-05-25 09:12:30', '2023-05-25 09:12:30'),
(38, '3', '38', '2022-07-12', DATE_ADD('2022-07-12', INTERVAL FLOOR(RAND() * 365) + 1 DAY), '2023-05-25 09:12:30', '2023-05-25 09:12:30'),
(39, '3', '39', '2023-04-17', DATE_ADD('2023-04-17', INTERVAL FLOOR(RAND() * 365) + 1 DAY), '2023-05-25 09:12:30', '2023-05-25 09:12:30'),
(40, '3', '40', '2023-06-22', DATE_ADD('2023-06-22', INTERVAL FLOOR(RAND() * 365) + 1 DAY), '2023-05-25 09:12:30', '2023-05-25 09:12:30'),
(41, '4', '41', '2023-01-05', DATE_ADD('2023-01-05', INTERVAL FLOOR(RAND() * 365) + 1 DAY), '2023-05-25 09:12:30', '2023-05-25 09:12:30'),
(42, '4', '42', '2022-12-10', DATE_ADD('2022-12-10', INTERVAL FLOOR(RAND() * 365) + 1 DAY), '2023-05-25 09:12:30', '2023-05-25 09:12:30'),
(43, '4', '43', '2022-11-15', DATE_ADD('2022-11-15', INTERVAL FLOOR(RAND() * 365) + 1 DAY), '2023-05-25 09:12:30', '2023-05-25 09:12:30'),
(44, '4', '44', '2023-02-20', DATE_ADD('2023-02-20', INTERVAL FLOOR(RAND() * 365) + 1 DAY), '2023-05-25 09:12:30', '2023-05-25 09:12:30'),
(45, '4', '45', '2022-10-25', DATE_ADD('2022-10-25', INTERVAL FLOOR(RAND() * 365) + 1 DAY), '2023-05-25 09:12:30', '2023-05-25 09:12:30'),
(46, '4', '46', '2023-03-02', DATE_ADD('2023-03-02', INTERVAL FLOOR(RAND() * 365) + 1 DAY), '2023-05-25 09:12:30', '2023-05-25 09:12:30'),
(47, '4', '47', '2022-09-07', DATE_ADD('2022-09-07', INTERVAL FLOOR(RAND() * 365) + 1 DAY), '2023-05-25 09:12:30', '2023-05-25 09:12:30'),
(48, '4', '48', '2022-07-12', DATE_ADD('2022-07-12', INTERVAL FLOOR(RAND() * 365) + 1 DAY), '2023-05-25 09:12:30', '2023-05-25 09:12:30'),
(49, '4', '49', '2023-04-17', DATE_ADD('2023-04-17', INTERVAL FLOOR(RAND() * 365) + 1 DAY), '2023-05-25 09:12:30', '2023-05-25 09:12:30'),
(50, '4', '50', '2023-06-22', DATE_ADD('2023-06-22', INTERVAL FLOOR(RAND() * 365) + 1 DAY), '2023-05-25 09:12:30', '2023-05-25 09:12:30'),
(51, '4', '51', '2022-09-27', DATE_ADD('2022-09-27', INTERVAL FLOOR(RAND() * 365) + 1 DAY), '2023-05-25 09:12:30', '2023-05-25 09:12:30'),
(52, '4', '52', '2023-07-03', DATE_ADD('2023-07-03', INTERVAL FLOOR(RAND() * 365) + 1 DAY), '2023-05-25 09:12:30', '2023-05-25 09:12:30'),
(53, '4', '53', '2023-05-08', DATE_ADD('2023-05-08', INTERVAL FLOOR(RAND() * 365) + 1 DAY), '2023-05-25 09:12:30', '2023-05-25 09:12:30'),
(54, '4', '54', '2023-03-13', DATE_ADD('2023-03-13', INTERVAL FLOOR(RAND() * 365) + 1 DAY), '2023-05-25 09:12:30', '2023-05-25 09:12:30'),
(55, '4', '55', '2023-08-18', DATE_ADD('2023-08-18', INTERVAL FLOOR(RAND() * 365) + 1 DAY), '2023-05-25 09:12:30', '2023-05-25 09:12:30'),
(56, '4', '56', '2023-01-23', DATE_ADD('2023-01-23', INTERVAL FLOOR(RAND() * 365) + 1 DAY), '2023-05-25 09:12:30', '2023-05-25 09:12:30'),
(57, '4', '57', '2022-12-28', DATE_ADD('2022-12-28', INTERVAL FLOOR(RAND() * 365) + 1 DAY), '2023-05-25 09:12:30', '2023-05-25 09:12:30'),
(58, '4', '58', '2022-11-02', DATE_ADD('2022-11-02', INTERVAL FLOOR(RAND() * 365) + 1 DAY), '2023-05-25 09:12:30', '2023-05-25 09:12:30'),
(59, '4', '59', '2023-02-07', DATE_ADD('2023-02-07', INTERVAL FLOOR(RAND() * 365) + 1 DAY), '2023-05-25 09:12:30', '2023-05-25 09:12:30'),
(60, '4', '60', '2022-10-12', DATE_ADD('2022-10-12', INTERVAL FLOOR(RAND() * 365) + 1 DAY), '2023-05-25 09:12:30', '2023-05-25 09:12:30'),
(61, '5', '61', '2022-08-15', DATE_ADD('2022-08-15', INTERVAL FLOOR(RAND() * 365) + 1 DAY), '2023-05-25 09:12:30', '2023-05-25 09:12:30'),
(62, '5', '62', '2022-07-20', DATE_ADD('2022-07-20', INTERVAL FLOOR(RAND() * 365) + 1 DAY), '2023-05-25 09:12:30', '2023-05-25 09:12:30'),
(63, '5', '63', '2023-04-25', DATE_ADD('2023-04-25', INTERVAL FLOOR(RAND() * 365) + 1 DAY), '2023-05-25 09:12:30', '2023-05-25 09:12:30'),
(64, '5', '64', '2023-06-30', DATE_ADD('2023-06-30', INTERVAL FLOOR(RAND() * 365) + 1 DAY), '2023-05-25 09:12:30', '2023-05-25 09:12:30'),
(65, '5', '65', '2023-01-05', DATE_ADD('2023-01-05', INTERVAL FLOOR(RAND() * 365) + 1 DAY), '2023-05-25 09:12:30', '2023-05-25 09:12:30'),
(66, '5', '66', '2023-03-10', DATE_ADD('2023-03-10', INTERVAL FLOOR(RAND() * 365) + 1 DAY), '2023-05-25 09:12:30', '2023-05-25 09:12:30'),
(67, '5', '67', '2022-11-15', DATE_ADD('2022-11-15', INTERVAL FLOOR(RAND() * 365) + 1 DAY), '2023-05-25 09:12:30', '2023-05-25 09:12:30'),
(68, '5', '68', '2022-09-20', DATE_ADD('2022-09-20', INTERVAL FLOOR(RAND() * 365) + 1 DAY), '2023-05-25 09:12:30', '2023-05-25 09:12:30'),
(69, '5', '69', '2023-06-25', DATE_ADD('2023-06-25', INTERVAL FLOOR(RAND() * 365) + 1 DAY), '2023-05-25 09:12:30', '2023-05-25 09:12:30'),
(70, '5', '70', '2022-12-01', DATE_ADD('2022-12-01', INTERVAL FLOOR(RAND() * 365) + 1 DAY), '2023-05-25 09:12:30', '2023-05-25 09:12:30'),
(71, '5', '71', '2023-07-07', DATE_ADD('2023-07-07', INTERVAL FLOOR(RAND() * 365) + 1 DAY), '2023-05-25 09:12:30', '2023-05-25 09:12:30'),
(72, '5', '72', '2023-05-12', DATE_ADD('2023-05-12', INTERVAL FLOOR(RAND() * 365) + 1 DAY), '2023-05-25 09:12:30', '2023-05-25 09:12:30'),
(73, '5', '73', '2022-10-17', DATE_ADD('2022-10-17', INTERVAL FLOOR(RAND() * 365) + 1 DAY), '2023-05-25 09:12:30', '2023-05-25 09:12:30'),
(74, '5', '74', '2022-08-22', DATE_ADD('2022-08-22', INTERVAL FLOOR(RAND() * 365) + 1 DAY), '2023-05-25 09:12:30', '2023-05-25 09:12:30'),
(75, '5', '75', '2023-02-27', DATE_ADD('2023-02-27', INTERVAL FLOOR(RAND() * 365) + 1 DAY), '2023-05-25 09:12:30', '2023-05-25 09:12:30'),
(76, '5', '76', '2023-07-02', DATE_ADD('2023-07-02', INTERVAL FLOOR(RAND() * 365) + 1 DAY), '2023-05-25 09:12:30', '2023-05-25 09:12:30'),
(77, '5', '77', '2023-04-07', DATE_ADD('2023-04-07', INTERVAL FLOOR(RAND() * 365) + 1 DAY), '2023-05-25 09:12:30', '2023-05-25 09:12:30'),
(78, '5', '78', '2023-03-13', DATE_ADD('2023-03-13', INTERVAL FLOOR(RAND() * 365) + 1 DAY), '2023-05-25 09:12:30', '2023-05-25 09:12:30'),
(79, '5', '79', '2023-06-18', DATE_ADD('2023-06-18', INTERVAL FLOOR(RAND() * 365) + 1 DAY), '2023-05-25 09:12:30', '2023-05-25 09:12:30'),
(80, '5', '80', '2022-12-24', DATE_ADD('2022-12-24', INTERVAL FLOOR(RAND() * 365) + 1 DAY), '2023-05-25 09:12:30', '2023-05-25 09:12:30'),
(81, '5', '81', '2022-09-29', DATE_ADD('2022-09-29', INTERVAL FLOOR(RAND() * 365) + 1 DAY), '2023-05-25 09:12:30', '2023-05-25 09:12:30'),
(82, '5', '82', '2023-02-04', DATE_ADD('2023-02-04', INTERVAL FLOOR(RAND() * 365) + 1 DAY), '2023-05-25 09:12:30', '2023-05-25 09:12:30'),
(83, '5', '83', '2022-11-08', DATE_ADD('2022-11-08', INTERVAL FLOOR(RAND() * 365) + 1 DAY), '2023-05-25 09:12:30', '2023-05-25 09:12:30'),
(84, '5', '84', '2022-12-14', DATE_ADD('2022-12-14', INTERVAL FLOOR(RAND() * 365) + 1 DAY), '2023-05-25 09:12:30', '2023-05-25 09:12:30'),
(85, '5', '85', '2022-11-19', DATE_ADD('2022-11-19', INTERVAL FLOOR(RAND() * 365) + 1 DAY), '2023-05-25 09:12:30', '2023-05-25 09:12:30'),
(86, '5', '86', '2023-05-25', DATE_ADD('2023-05-25', INTERVAL FLOOR(RAND() * 365) + 1 DAY), '2023-05-25 09:12:30', '2023-05-25 09:12:30'),
(87, '5', '87', '2023-02-28', DATE_ADD('2023-02-28', INTERVAL FLOOR(RAND() * 365) + 1 DAY), '2023-05-25 09:12:30', '2023-05-25 09:12:30'),
(88, '5', '88', '2023-01-03', DATE_ADD('2023-01-03', INTERVAL FLOOR(RAND() * 365) + 1 DAY), '2023-05-25 09:12:30', '2023-05-25 09:12:30'),
(89, '5', '89', '2023-05-09', DATE_ADD('2023-05-09', INTERVAL FLOOR(RAND() * 365) + 1 DAY), '2023-05-25 09:12:30', '2023-05-25 09:12:30'),
(90, '5', '90', '2023-06-13', DATE_ADD('2023-06-13', INTERVAL FLOOR(RAND() * 365) + 1 DAY), '2023-05-25 09:12:30', '2023-05-25 09:12:30'),
(91, '5', '91', '2023-04-18', DATE_ADD('2023-04-18', INTERVAL FLOOR(RAND() * 365) + 1 DAY), '2023-05-25 09:12:30', '2023-05-25 09:12:30'),
(92, '5', '92', '2023-07-23', DATE_ADD('2023-07-23', INTERVAL FLOOR(RAND() * 365) + 1 DAY), '2023-05-25 09:12:30', '2023-05-25 09:12:30'),
(93, '5', '93', '2023-04-29', DATE_ADD('2023-04-29', INTERVAL FLOOR(RAND() * 365) + 1 DAY), '2023-05-25 09:12:30', '2023-05-25 09:12:30'),
(94, '5', '94', '2022-10-04', DATE_ADD('2022-10-04', INTERVAL FLOOR(RAND() * 365) + 1 DAY), '2023-05-25 09:12:30', '2023-05-25 09:12:30'),
(95, '5', '95', '2022-09-09', DATE_ADD('2022-09-09', INTERVAL FLOOR(RAND() * 365) + 1 DAY), '2023-05-25 09:12:30', '2023-05-25 09:12:30'),
(96, '5', '96', '2023-01-15', DATE_ADD('2023-01-15', INTERVAL FLOOR(RAND() * 365) + 1 DAY), '2023-05-25 09:12:30', '2023-05-25 09:12:30'),
(97, '5', '97', '2023-06-20', DATE_ADD('2023-06-20', INTERVAL FLOOR(RAND() * 365) + 1 DAY), '2023-05-25 09:12:30', '2023-05-25 09:12:30'),
(98, '5', '98', '2023-03-26', DATE_ADD('2023-03-26', INTERVAL FLOOR(RAND() * 365) + 1 DAY), '2023-05-25 09:12:30', '2023-05-25 09:12:30'),
(99, '5', '99', '2022-11-30', DATE_ADD('2022-11-30', INTERVAL FLOOR(RAND() * 365) + 1 DAY), '2023-05-25 09:12:30', '2023-05-25 09:12:30'),
(100, '5', '100', '2023-07-06', DATE_ADD('2023-07-06', INTERVAL FLOOR(RAND() * 365) + 1 DAY), '2023-05-25 09:12:30', '2023-05-25 09:12:30'),
(101, '5', '101', '2023-05-11', DATE_ADD('2023-05-11', INTERVAL FLOOR(RAND() * 365) + 1 DAY), '2023-05-25 09:12:30', '2023-05-25 09:12:30'),
(102, '5', '102', '2022-10-16', DATE_ADD('2022-10-16', INTERVAL FLOOR(RAND() * 365) + 1 DAY), '2023-05-25 09:12:30', '2023-05-25 09:12:30'),
(103, '5', '103', '2023-02-20', DATE_ADD('2023-02-20', INTERVAL FLOOR(RAND() * 365) + 1 DAY), '2023-05-25 09:12:30', '2023-05-25 09:12:30'),
(104, '5', '104', '2022-08-25', DATE_ADD('2022-08-25', INTERVAL FLOOR(RAND() * 365) + 1 DAY), '2023-05-25 09:12:30', '2023-05-25 09:12:30'),
(105, '5', '105', '2022-09-30', DATE_ADD('2022-09-30', INTERVAL FLOOR(RAND() * 365) + 1 DAY), '2023-05-25 09:12:30', '2023-05-25 09:12:30'),
(106, '5', '106', '2022-11-05', DATE_ADD('2022-11-05', INTERVAL FLOOR(RAND() * 365) + 1 DAY), '2023-05-25 09:12:30', '2023-05-25 09:12:30'),
(107, '5', '107', '2022-08-10', DATE_ADD('2022-08-10', INTERVAL FLOOR(RAND() * 365) + 1 DAY), '2023-05-25 09:12:30', '2023-05-25 09:12:30'),
(108, '5', '108', '2023-01-15', DATE_ADD('2023-01-15', INTERVAL FLOOR(RAND() * 365) + 1 DAY), '2023-05-25 09:12:30', '2023-05-25 09:12:30'),
(109, '5', '109', '2022-12-20', DATE_ADD('2022-12-20', INTERVAL FLOOR(RAND() * 365) + 1 DAY), '2023-05-25 09:12:30', '2023-05-25 09:12:30'),
(110, '5', '110', '2022-07-26', DATE_ADD('2022-07-26', INTERVAL FLOOR(RAND() * 365) + 1 DAY), '2023-05-25 09:12:30', '2023-05-25 09:12:30');
-- --------------------------------------------------------

--
-- Table structure for table `sequelizemeta`
--

CREATE TABLE `sequelizemeta` (
  `name` varchar(255) NOT NULL
) ENGINE=InnoDB DEFAULT CHARSET=utf8 COLLATE=utf8_unicode_ci;

--
-- Dumping data for table `sequelizemeta`
--

INSERT INTO `sequelizemeta` (`name`) VALUES
('20230402141211-create-user.js'),
('migration-create-car.js'),
('migration-create-driver.js'),
('migration-create-register.js');

-- --------------------------------------------------------

--
-- Table structure for table `users`
--

CREATE TABLE `users` (
  `id` int(11) NOT NULL,
  `name` varchar(255) DEFAULT NULL,
  `username` varchar(255) DEFAULT NULL,
  `password` varchar(255) DEFAULT NULL,
  `rolebit` varchar(255) DEFAULT NULL,
  `email` varchar(255) DEFAULT NULL,
  `address` varchar(255) DEFAULT NULL,
  `createdAt` datetime NOT NULL,
  `updatedAt` datetime NOT NULL
) ENGINE=InnoDB DEFAULT CHARSET=utf8mb4 COLLATE=utf8mb4_general_ci;

--
-- Dumping data for table `users`
--

INSERT INTO `users` (`id`, `name`, `username`, `password`, `rolebit`, `email`, `address`, `createdAt`, `updatedAt`) VALUES
(1, 'Cục đăng kiểm Việt Nam', 'cucdangkiemvn', '$2a$10$U6QY6LNxyz7F7Jythy8X1uZO6PIT4/WDA6omiHnpJiafW0i4VnoOq', '1', 'cucdangkiemvn@gmail.com', 'Số 80 Trần Hưng Đạo, Hoàn Kiếm, Hà Nội.', '2023-05-31 05:27:08', '2023-05-31 05:27:08'),
(2, 'Trung tâm đăng kiểm Hà Nội 1', 'hanoi1', '$2a$10$U6QY6LNxyz7F7Jythy8X1u6uF26ouIGL1SlwEk46TmZxxUtrur9O2', '0', 'thuyennv140103@gmail.com', 'Số 1, Lê Đức Thọ, phường Mỹ Đình 2, quận Nam Từ Liêm, Hà Nội', '2023-05-31 05:27:08', '2023-05-31 05:27:08'),
(3, 'Trung tâm đăng kiểm Hà Nội 2', 'ttdkhanoi2', '$2a$10$U6QY6LNxyz7F7Jythy8X1uP214Gjo2TPqUcAzHQlRTRR2zrRNw0a6', '0', 'hanoi2@gmail.com', 'Số 10, ngõ 61, đường Nguyễn Chánh, phường Trung Hòa, quận Cầu Giấy, Hà Nội.', '2023-05-31 05:27:08', '2023-05-31 05:27:08'),
(4, 'Trung tâm đăng kiểm thành phố Hồ Chí Minh 1', 'hcm1', '$2a$10$U6QY6LNxyz7F7Jythy8X1uKuw3KhL2haJ4YckDQqQZUFwbOCuxi9i', '0', 'hcm1@gmail.com', 'Số 151 đường D1, phường 25, quận Bình Thạnh, TP. Hồ Chí Minh.', '2023-05-31 05:27:08', '2023-05-31 05:27:08'),
(5, 'Trung tâm đăng kiểm thành phố Đà nẵng', 'ttdkdn', '$2a$10$U6QY6LNxyz7F7Jythy8X1uV7cmibtz4hszIxQP2DXr9O8cbSpyrnK', '0', 'dn@gmail.com', 'Số 41-43 đường Duy Tân, quận Hải Châu, thành phố Đà Nẵng.', '2023-05-31 05:27:08', '2023-05-31 05:27:08'),
(64, 'Trung tâm đăng kiểm Hà Nội 3', 'hanoi3', '$2a$10$DnL6PyzsT3zqxwZAdJ01SOfaQZTlV/2nxIjPINDyXEvZQh10JZle2', '0', 'hn3@gmail.com', 'hà nội', '2023-05-31 07:59:55', '2023-05-31 07:59:55');

--
-- Indexes for dumped tables
--

--
-- Indexes for table `cars`
--
ALTER TABLE `cars`
  ADD PRIMARY KEY (`id`);

--
-- Indexes for table `drivers`
--
ALTER TABLE `drivers`
  ADD PRIMARY KEY (`id`);

--
-- Indexes for table `registers`
--
ALTER TABLE `registers`
  ADD PRIMARY KEY (`id`);

--
-- Indexes for table `sequelizemeta`
--
ALTER TABLE `sequelizemeta`
  ADD PRIMARY KEY (`name`),
  ADD UNIQUE KEY `name` (`name`);

--
-- Indexes for table `users`
--
ALTER TABLE `users`
  ADD PRIMARY KEY (`id`);

--
-- AUTO_INCREMENT for dumped tables
--

--
-- AUTO_INCREMENT for table `cars`
--
ALTER TABLE `cars`
  MODIFY `id` int(11) NOT NULL AUTO_INCREMENT, AUTO_INCREMENT=31;

--
-- AUTO_INCREMENT for table `drivers`
--
ALTER TABLE `drivers`
  MODIFY `id` int(11) NOT NULL AUTO_INCREMENT, AUTO_INCREMENT=18;

--
-- AUTO_INCREMENT for table `registers`
--
ALTER TABLE `registers`
  MODIFY `id` int(11) NOT NULL AUTO_INCREMENT, AUTO_INCREMENT=31;

--
-- AUTO_INCREMENT for table `users`
--
ALTER TABLE `users`
  MODIFY `id` int(11) NOT NULL AUTO_INCREMENT, AUTO_INCREMENT=65;
COMMIT;

/*!40101 SET CHARACTER_SET_CLIENT=@OLD_CHARACTER_SET_CLIENT */;
/*!40101 SET CHARACTER_SET_RESULTS=@OLD_CHARACTER_SET_RESULTS */;
/*!40101 SET COLLATION_CONNECTION=@OLD_COLLATION_CONNECTION */;
